t_s,CHAN4
-1.200000000000e+01,13.64
-1.198000000000e+01,12.94
-1.196000000000e+01,13.62
-1.194000000000e+01,12.98
-1.192000000000e+01,13
-1.190000000000e+01,13.6
-1.188000000000e+01,12.94
-1.186000000000e+01,13.62
-1.184000000000e+01,12.98
-1.182000000000e+01,13.56
-1.180000000000e+01,12.98
-1.178000000000e+01,13.54
-1.176000000000e+01,13.62
-1.174000000000e+01,12.96
-1.172000000000e+01,13.62
-1.170000000000e+01,13
-1.168000000000e+01,13.58
-1.166000000000e+01,13
-1.164000000000e+01,13.72
-1.162000000000e+01,12.92
-1.160000000000e+01,12.96
-1.158000000000e+01,13.64
-1.156000000000e+01,13
-1.154000000000e+01,13.62
-1.152000000000e+01,12.94
-1.150000000000e+01,13.66
-1.148000000000e+01,13.62
-1.146000000000e+01,12.94
-1.144000000000e+01,13
-1.142000000000e+01,13.6
-1.140000000000e+01,12.94
-1.138000000000e+01,13.52
-1.136000000000e+01,13.08
-1.134000000000e+01,13.6
-1.132000000000e+01,13.58
-1.130000000000e+01,12.96
-1.128000000000e+01,13.66
-1.126000000000e+01,13
-1.124000000000e+01,13.6
-1.122000000000e+01,13.04
-1.120000000000e+01,12.98
-1.118000000000e+01,13.66
-1.116000000000e+01,12.92
-1.114000000000e+01,13.62
-1.112000000000e+01,13.62
-1.110000000000e+01,12.98
-1.108000000000e+01,13.64
-1.106000000000e+01,12.98
-1.104000000000e+01,13.64
-1.102000000000e+01,13
-1.100000000000e+01,13.58
-1.098000000000e+01,12.98
-1.096000000000e+01,13.58
-1.094000000000e+01,13.02
-1.092000000000e+01,13.62
-1.090000000000e+01,12.98
-1.088000000000e+01,13.62
-1.086000000000e+01,13
-1.084000000000e+01,13.74
-1.082000000000e+01,12.98
-1.080000000000e+01,12.94
-1.078000000000e+01,13.62
-1.076000000000e+01,13.64
-1.074000000000e+01,13.1
-1.072000000000e+01,13
-1.070000000000e+01,13.56
-1.068000000000e+01,12.94
-1.066000000000e+01,13.62
-1.064000000000e+01,13.04
-1.062000000000e+01,13.7
-1.060000000000e+01,12.88
-1.058000000000e+01,13.6
-1.056000000000e+01,13.58
-1.054000000000e+01,13
-1.052000000000e+01,13.06
-1.050000000000e+01,13.68
-1.048000000000e+01,13.62
-1.046000000000e+01,13.04
-1.044000000000e+01,13.64
-1.042000000000e+01,13.06
-1.040000000000e+01,13
-1.038000000000e+01,13.64
-1.036000000000e+01,13.58
-1.034000000000e+01,13
-1.032000000000e+01,13.04
-1.030000000000e+01,13.56
-1.028000000000e+01,13.62
-1.026000000000e+01,12.98
-1.024000000000e+01,13.64
-1.022000000000e+01,13.04
-1.020000000000e+01,13.64
-1.018000000000e+01,12.98
-1.016000000000e+01,12.98
-1.014000000000e+01,13.6
-1.012000000000e+01,13.62
-1.010000000000e+01,12.98
-1.008000000000e+01,13.62
-1.006000000000e+01,13
-1.004000000000e+01,13
-1.002000000000e+01,13.58
-1.000000000000e+01,13.08
-9.980000000000e+00,13.56
-9.960000000000e+00,12.94
-9.940000000000e+00,13.62
-9.920000000000e+00,13.2
-9.900000000000e+00,13.62
-9.880000000000e+00,13
-9.860000000000e+00,13.64
-9.840000000000e+00,13.04
-9.820000000000e+00,13.62
-9.800000000000e+00,13.58
-9.780000000000e+00,13.02
-9.760000000000e+00,13.66
-9.740000000000e+00,12.9
-9.720000000000e+00,12.88
-9.700000000000e+00,13.5
-9.680000000000e+00,13.62
-9.660000000000e+00,13
-9.640000000000e+00,13.66
-9.620000000000e+00,12.94
-9.600000000000e+00,12.9
-9.580000000000e+00,13.64
-9.560000000000e+00,12.9
-9.540000000000e+00,13.56
-9.520000000000e+00,13.68
-9.500000000000e+00,12.96
-9.480000000000e+00,13
-9.460000000000e+00,13.56
-9.440000000000e+00,13.58
-9.420000000000e+00,12.94
-9.400000000000e+00,12.96
-9.380000000000e+00,13.64
-9.360000000000e+00,13
-9.340000000000e+00,13.6
-9.320000000000e+00,13.12
-9.300000000000e+00,13.56
-9.280000000000e+00,12.92
-9.260000000000e+00,13.64
-9.240000000000e+00,13.66
-9.220000000000e+00,12.98
-9.200000000000e+00,13
-9.180000000000e+00,13.6
-9.160000000000e+00,13.1
-9.140000000000e+00,13.56
-9.120000000000e+00,13.62
-9.100000000000e+00,13
-9.080000000000e+00,12.96
-9.060000000000e+00,13.64
-9.040000000000e+00,13.68
-9.020000000000e+00,13.04
-9.000000000000e+00,13.08
-8.980000000000e+00,13.62
-8.960000000000e+00,13.58
-8.940000000000e+00,12.92
-8.920000000000e+00,13.62
-8.900000000000e+00,12.92
-8.880000000000e+00,13.58
-8.860000000000e+00,13
-8.840000000000e+00,13.66
-8.820000000000e+00,13.06
-8.800000000000e+00,13.04
-8.780000000000e+00,13.62
-8.760000000000e+00,13.58
-8.740000000000e+00,13.06
-8.720000000000e+00,13.56
-8.700000000000e+00,13.04
-8.680000000000e+00,13.48
-8.660000000000e+00,12.94
-8.640000000000e+00,13.62
-8.620000000000e+00,13
-8.600000000000e+00,13.12
-8.580000000000e+00,13.64
-8.560000000000e+00,13.58
-8.540000000000e+00,13.08
-8.520000000000e+00,13.62
-8.500000000000e+00,13.02
-8.480000000000e+00,13.56
-8.460000000000e+00,13.04
-8.440000000000e+00,12.98
-8.420000000000e+00,13.66
-8.400000000000e+00,13.04
-8.380000000000e+00,13.62
-8.360000000000e+00,13.56
-8.340000000000e+00,12.94
-8.320000000000e+00,12.98
-8.300000000000e+00,13.64
-8.280000000000e+00,13.62
-8.260000000000e+00,13.02
-8.240000000000e+00,13.6
-8.220000000000e+00,12.98
-8.200000000000e+00,13.62
-8.180000000000e+00,12.94
-8.160000000000e+00,13.04
-8.140000000000e+00,13.5
-8.120000000000e+00,13.56
-8.100000000000e+00,12.94
-8.080000000000e+00,12.94
-8.060000000000e+00,13.58
-8.040000000000e+00,13.58
-8.020000000000e+00,13
-8.000000000000e+00,13.56
-7.980000000000e+00,13.02
-7.960000000000e+00,13.62
-7.940000000000e+00,12.98
-7.920000000000e+00,13.58
-7.900000000000e+00,12.94
-7.880000000000e+00,13.6
-7.860000000000e+00,13
-7.840000000000e+00,13.58
-7.820000000000e+00,12.98
-7.800000000000e+00,12.94
-7.780000000000e+00,13.6
-7.760000000000e+00,13.64
-7.740000000000e+00,13.08
-7.720000000000e+00,13.04
-7.700000000000e+00,13.62
-7.680000000000e+00,13.62
-7.660000000000e+00,12.98
-7.640000000000e+00,13.62
-7.620000000000e+00,12.94
-7.600000000000e+00,13.68
-7.580000000000e+00,13.02
-7.560000000000e+00,13.58
-7.540000000000e+00,13
-7.520000000000e+00,13.56
-7.500000000000e+00,12.98
-7.480000000000e+00,13.62
-7.460000000000e+00,13.06
-7.440000000000e+00,13.56
-7.420000000000e+00,13
-7.400000000000e+00,12.96
-7.380000000000e+00,13.6
-7.360000000000e+00,13.64
-7.340000000000e+00,12.88
-7.320000000000e+00,13.58
-7.300000000000e+00,12.98
-7.280000000000e+00,12.88
-7.260000000000e+00,13.68
-7.240000000000e+00,13.68
-7.220000000000e+00,12.84
-7.200000000000e+00,13.06
-7.180000000000e+00,13.56
-7.160000000000e+00,13.64
-7.140000000000e+00,13.08
-7.120000000000e+00,13.04
-7.100000000000e+00,13.66
-7.080000000000e+00,12.88
-7.060000000000e+00,13.56
-7.040000000000e+00,13.66
-7.020000000000e+00,12.98
-7.000000000000e+00,13.62
-6.980000000000e+00,12.92
-6.960000000000e+00,13.58
-6.940000000000e+00,12.98
-6.920000000000e+00,13.74
-6.900000000000e+00,12.84
-6.880000000000e+00,13.66
-6.860000000000e+00,12.92
-6.840000000000e+00,13.62
-6.820000000000e+00,13.04
-6.800000000000e+00,13.68
-6.780000000000e+00,13.04
-6.760000000000e+00,13.64
-6.740000000000e+00,12.92
-6.720000000000e+00,13.64
-6.700000000000e+00,12.98
-6.680000000000e+00,13
-6.660000000000e+00,13.62
-6.640000000000e+00,13.68
-6.620000000000e+00,12.88
-6.600000000000e+00,13.08
-6.580000000000e+00,13.6
-6.560000000000e+00,12.88
-6.540000000000e+00,13.54
-6.520000000000e+00,12.98
-6.500000000000e+00,13.58
-6.480000000000e+00,13.04
-6.460000000000e+00,13.66
-6.440000000000e+00,13.64
-6.420000000000e+00,12.98
-6.400000000000e+00,13.02
-6.380000000000e+00,13.64
-6.360000000000e+00,12.96
-6.340000000000e+00,13.66
-6.320000000000e+00,13.64
-6.300000000000e+00,13.1
-6.280000000000e+00,12.96
-6.260000000000e+00,13.64
-6.240000000000e+00,13.58
-6.220000000000e+00,12.98
-6.200000000000e+00,12.72
-6.180000000000e+00,13.58
-6.160000000000e+00,13.58
-6.140000000000e+00,12.96
-6.120000000000e+00,13.58
-6.100000000000e+00,13
-6.080000000000e+00,12.92
-6.060000000000e+00,13.72
-6.040000000000e+00,13
-6.020000000000e+00,13.68
-6.000000000000e+00,13.58
-5.980000000000e+00,12.92
-5.960000000000e+00,13.62
-5.940000000000e+00,12.94
-5.920000000000e+00,13.08
-5.900000000000e+00,13.58
-5.880000000000e+00,13.06
-5.860000000000e+00,13.66
-5.840000000000e+00,13.52
-5.820000000000e+00,13
-5.800000000000e+00,13.62
-5.780000000000e+00,13
-5.760000000000e+00,13.56
-5.740000000000e+00,12.96
-5.720000000000e+00,13.72
-5.700000000000e+00,13
-5.680000000000e+00,13.58
-5.660000000000e+00,13.1
-5.640000000000e+00,13.58
-5.620000000000e+00,13.02
-5.600000000000e+00,12.9
-5.580000000000e+00,13.68
-5.560000000000e+00,13.62
-5.540000000000e+00,13.1
-5.520000000000e+00,13
-5.500000000000e+00,13.68
-5.480000000000e+00,13.7
-5.460000000000e+00,13.1
-5.440000000000e+00,13.58
-5.420000000000e+00,12.98
-5.400000000000e+00,13.64
-5.380000000000e+00,12.94
-5.360000000000e+00,13.14
-5.340000000000e+00,13.62
-5.320000000000e+00,13.52
-5.300000000000e+00,12.94
-5.280000000000e+00,13
-5.260000000000e+00,13.68
-5.240000000000e+00,13.04
-5.220000000000e+00,13.56
-5.200000000000e+00,12.98
-5.180000000000e+00,13.64
-5.160000000000e+00,13.6
-5.140000000000e+00,12.94
-5.120000000000e+00,13.62
-5.100000000000e+00,13.04
-5.080000000000e+00,13.68
-5.060000000000e+00,13.04
-5.040000000000e+00,13.58
-5.020000000000e+00,12.76
-5.000000000000e+00,13.04
-4.980000000000e+00,13.64
-4.960000000000e+00,12.84
-4.940000000000e+00,13.62
-4.920000000000e+00,13
-4.900000000000e+00,13.62
-4.880000000000e+00,13.58
-4.860000000000e+00,12.94
-4.840000000000e+00,13.68
-4.820000000000e+00,12.94
-4.800000000000e+00,12.98
-4.780000000000e+00,13.72
-4.760000000000e+00,12.94
-4.740000000000e+00,13.7
-4.720000000000e+00,13.62
-4.700000000000e+00,13.08
-4.680000000000e+00,13.58
-4.660000000000e+00,12.9
-4.640000000000e+00,13.76
-4.620000000000e+00,12.94
-4.600000000000e+00,12.92
-4.580000000000e+00,13.68
-4.560000000000e+00,12.9
-4.540000000000e+00,13.62
-4.520000000000e+00,13.02
-4.500000000000e+00,13.6
-4.480000000000e+00,13
-4.460000000000e+00,13.68
-4.440000000000e+00,13.58
-4.420000000000e+00,13.04
-4.400000000000e+00,12.94
-4.380000000000e+00,13.52
-4.360000000000e+00,12.98
-4.340000000000e+00,13.64
-4.320000000000e+00,13.68
-4.300000000000e+00,12.98
-4.280000000000e+00,13
-4.260000000000e+00,13.6
-4.240000000000e+00,13
-4.220000000000e+00,13.62
-4.200000000000e+00,13
-4.180000000000e+00,13.68
-4.160000000000e+00,13.68
-4.140000000000e+00,13.02
-4.120000000000e+00,12.98
-4.100000000000e+00,13.72
-4.080000000000e+00,13.58
-4.060000000000e+00,13
-4.040000000000e+00,12.88
-4.020000000000e+00,13.66
-4.000000000000e+00,13.62
-3.980000000000e+00,12.98
-3.960000000000e+00,13.1
-3.940000000000e+00,13.58
-3.920000000000e+00,13.58
-3.900000000000e+00,13.02
-3.880000000000e+00,12.98
-3.860000000000e+00,13.64
-3.840000000000e+00,13.64
-3.820000000000e+00,13.06
-3.800000000000e+00,13.56
-3.780000000000e+00,12.9
-3.760000000000e+00,13
-3.740000000000e+00,13.72
-3.720000000000e+00,13.04
-3.700000000000e+00,13.62
-3.680000000000e+00,13.66
-3.660000000000e+00,13
-3.640000000000e+00,13.58
-3.620000000000e+00,12.94
-3.600000000000e+00,13.6
-3.580000000000e+00,12.98
-3.560000000000e+00,13.04
-3.540000000000e+00,13.72
-3.520000000000e+00,13.62
-3.500000000000e+00,13
-3.480000000000e+00,13
-3.460000000000e+00,13.66
-3.440000000000e+00,12.94
-3.420000000000e+00,13.68
-3.400000000000e+00,13.62
-3.380000000000e+00,13
-3.360000000000e+00,13.68
-3.340000000000e+00,12.96
-3.320000000000e+00,13
-3.300000000000e+00,13.74
-3.280000000000e+00,13.66
-3.260000000000e+00,12.88
-3.240000000000e+00,13
-3.220000000000e+00,13.62
-3.200000000000e+00,12.88
-3.180000000000e+00,13.62
-3.160000000000e+00,13.62
-3.140000000000e+00,13
-3.120000000000e+00,13.64
-3.100000000000e+00,12.96
-3.080000000000e+00,13.72
-3.060000000000e+00,12.96
-3.040000000000e+00,12.98
-3.020000000000e+00,13.68
-3.000000000000e+00,13.04
-2.980000000000e+00,13.68
-2.960000000000e+00,13.04
-2.940000000000e+00,13.62
-2.920000000000e+00,12.88
-2.900000000000e+00,13.6
-2.880000000000e+00,12.88
-2.860000000000e+00,13.62
-2.840000000000e+00,13.66
-2.820000000000e+00,13.02
-2.800000000000e+00,13.04
-2.780000000000e+00,13.68
-2.760000000000e+00,13.66
-2.740000000000e+00,13.04
-2.720000000000e+00,13.58
-2.700000000000e+00,13
-2.680000000000e+00,13.66
-2.660000000000e+00,13.02
-2.640000000000e+00,13.64
-2.620000000000e+00,13
-2.600000000000e+00,12.88
-2.580000000000e+00,13.64
-2.560000000000e+00,13
-2.540000000000e+00,13.68
-2.520000000000e+00,13.02
-2.500000000000e+00,13.68
-2.480000000000e+00,13.64
-2.460000000000e+00,12.94
-2.440000000000e+00,13.04
-2.420000000000e+00,13.58
-2.400000000000e+00,13.64
-2.380000000000e+00,13
-2.360000000000e+00,13
-2.340000000000e+00,13.66
-2.320000000000e+00,13.04
-2.300000000000e+00,13.66
-2.280000000000e+00,13.1
-2.260000000000e+00,13.64
-2.240000000000e+00,12.94
-2.220000000000e+00,13.62
-2.200000000000e+00,13
-2.180000000000e+00,13.72
-2.160000000000e+00,13.02
-2.140000000000e+00,13.58
-2.120000000000e+00,12.92
-2.100000000000e+00,13.62
-2.080000000000e+00,13
-2.060000000000e+00,13.68
-2.040000000000e+00,12.94
-2.020000000000e+00,13.68
-2.000000000000e+00,13.68
-1.980000000000e+00,13.02
-1.960000000000e+00,12.88
-1.940000000000e+00,13.62
-1.920000000000e+00,12.92
-1.900000000000e+00,13.68
-1.880000000000e+00,13.04
-1.860000000000e+00,13.64
-1.840000000000e+00,13.68
-1.820000000000e+00,13.04
-1.800000000000e+00,13.6
-1.780000000000e+00,12.94
-1.760000000000e+00,13.58
-1.740000000000e+00,13
-1.720000000000e+00,13.04
-1.700000000000e+00,13.66
-1.680000000000e+00,13.62
-1.660000000000e+00,13
-1.640000000000e+00,13.58
-1.620000000000e+00,13
-1.600000000000e+00,13.72
-1.580000000000e+00,12.84
-1.560000000000e+00,13.68
-1.540000000000e+00,12.98
-1.520000000000e+00,13.04
-1.500000000000e+00,13.58
-1.480000000000e+00,13.68
-1.460000000000e+00,13.04
-1.440000000000e+00,12.96
-1.420000000000e+00,13.66
-1.400000000000e+00,13
-1.380000000000e+00,13.66
-1.360000000000e+00,13
-1.340000000000e+00,13.66
-1.320000000000e+00,13.1
-1.300000000000e+00,13.62
-1.280000000000e+00,12.92
-1.260000000000e+00,13.68
-1.240000000000e+00,12.94
-1.220000000000e+00,13.64
-1.200000000000e+00,13.68
-1.180000000000e+00,13.04
-1.160000000000e+00,13.68
-1.140000000000e+00,12.94
-1.120000000000e+00,13.1
-1.100000000000e+00,13.6
-1.080000000000e+00,13.68
-1.060000000000e+00,12.88
-1.040000000000e+00,13.62
-1.020000000000e+00,13.04
-1.000000000000e+00,13.04
-9.800000000000e-01,13.58
-9.600000000000e-01,13.64
-9.400000000000e-01,12.88
-9.200000000000e-01,12.96
-9.000000000000e-01,13.62
-8.800000000000e-01,12.96
-8.600000000000e-01,13.58
-8.400000000000e-01,13.68
-8.200000000000e-01,12.86
-8.000000000000e-01,13.08
-7.800000000000e-01,13.62
-7.600000000000e-01,13.68
-7.400000000000e-01,12.98
-7.200000000000e-01,13.58
-7.000000000000e-01,12.98
-6.800000000000e-01,13.68
-6.600000000000e-01,13.04
-6.400000000000e-01,13.62
-6.200000000000e-01,12.86
-6.000000000000e-01,13.04
-5.800000000000e-01,13.66
-5.600000000000e-01,13.62
-5.400000000000e-01,12.98
-5.200000000000e-01,13.68
-5.000000000000e-01,12.98
-4.800000000000e-01,13.64
-4.600000000000e-01,12.96
-4.400000000000e-01,13.56
-4.200000000000e-01,13.04
-4.000000000000e-01,13.62
-3.800000000000e-01,12.92
-3.600000000000e-01,13.06
-3.400000000000e-01,13.6
-3.200000000000e-01,13.62
-3.000000000000e-01,12.98
-2.800000000000e-01,13.58
-2.600000000000e-01,13.04
-2.400000000000e-01,13.02
-2.200000000000e-01,13.66
-2.000000000000e-01,13.64
-1.800000000000e-01,12.88
-1.600000000000e-01,13.1
-1.400000000000e-01,13.64
-1.200000000000e-01,13.66
-1.000000000000e-01,12.9
-8.000000000000e-02,13.62
-6.000000000000e-02,13.04
-4.000000000000e-02,13.04
-2.000000000000e-02,13.68
0.000000000000e+00,13.68
2.000000000000e-02,13
4.000000000000e-02,12.96
6.000000000000e-02,13.62
8.000000000000e-02,13.66
1.000000000000e-01,12.94
1.200000000000e-01,12.98
1.400000000000e-01,13.68
1.600000000000e-01,13.68
1.800000000000e-01,13.04
2.000000000000e-01,13.62
2.200000000000e-01,12.94
2.400000000000e-01,13.06
2.600000000000e-01,13.58
2.800000000000e-01,13.66
3.000000000000e-01,12.84
3.200000000000e-01,13.62
3.400000000000e-01,13.04
3.600000000000e-01,13.64
3.800000000000e-01,13.06
4.000000000000e-01,13.64
4.200000000000e-01,13
4.400000000000e-01,13.62
4.600000000000e-01,12.9
4.800000000000e-01,13.06
5.000000000000e-01,13.62
5.200000000000e-01,13.04
5.400000000000e-01,13.66
5.600000000000e-01,13.64
5.800000000000e-01,12.96
6.000000000000e-01,13.04
6.200000000000e-01,13.64
6.400000000000e-01,13.68
6.600000000000e-01,12.88
6.800000000000e-01,13.58
7.000000000000e-01,13.02
7.200000000000e-01,13.62
7.400000000000e-01,12.94
7.600000000000e-01,13
7.800000000000e-01,13.68
8.000000000000e-01,13.56
8.200000000000e-01,12.96
8.400000000000e-01,12.96
8.600000000000e-01,13.68
8.800000000000e-01,13.02
9.000000000000e-01,13.62
9.200000000000e-01,12.98
9.400000000000e-01,13.66
9.600000000000e-01,12.94
9.800000000000e-01,13.66
1.000000000000e+00,13.62
1.020000000000e+00,12.94
1.040000000000e+00,13.68
1.060000000000e+00,13.04
1.080000000000e+00,13.56
1.100000000000e+00,13.02
1.120000000000e+00,13.6
1.140000000000e+00,12.94
1.160000000000e+00,13.68
1.180000000000e+00,13
1.200000000000e+00,13
1.220000000000e+00,13.62
1.240000000000e+00,12.96
1.260000000000e+00,13.6
1.280000000000e+00,13.06
1.300000000000e+00,13.64
1.320000000000e+00,13.68
1.340000000000e+00,12.92
1.360000000000e+00,13
1.380000000000e+00,13.66
1.400000000000e+00,13.72
1.420000000000e+00,12.98
1.440000000000e+00,13
1.460000000000e+00,13.64
1.480000000000e+00,12.88
1.500000000000e+00,13.66
1.520000000000e+00,13.58
1.540000000000e+00,12.98
1.560000000000e+00,13.04
1.580000000000e+00,13.68
1.600000000000e+00,13.68
1.620000000000e+00,13
1.640000000000e+00,13.7
1.660000000000e+00,13
1.680000000000e+00,13
1.700000000000e+00,13.62
1.720000000000e+00,12.98
1.740000000000e+00,13.6
1.760000000000e+00,13.02
1.780000000000e+00,13.62
1.800000000000e+00,12.94
1.820000000000e+00,13.62
1.840000000000e+00,13.02
1.860000000000e+00,13.56
1.880000000000e+00,12.98
1.900000000000e+00,13.64
1.920000000000e+00,13.64
1.940000000000e+00,12.94
1.960000000000e+00,13.66
1.980000000000e+00,13.04
2.000000000000e+00,13.64
2.020000000000e+00,12.94
2.040000000000e+00,13.6
2.060000000000e+00,12.96
2.080000000000e+00,13.68
2.100000000000e+00,13.06
2.120000000000e+00,12.98
2.140000000000e+00,13.68
2.160000000000e+00,13.72
2.180000000000e+00,12.98
2.200000000000e+00,12.94
2.220000000000e+00,13.66
2.240000000000e+00,13.6
2.260000000000e+00,13.04
2.280000000000e+00,13
2.300000000000e+00,13.68
2.320000000000e+00,12.98
2.340000000000e+00,13.62
2.360000000000e+00,13.1
2.380000000000e+00,13.66
2.400000000000e+00,13
2.420000000000e+00,13.68
2.440000000000e+00,13.68
2.460000000000e+00,12.96
2.480000000000e+00,13.02
2.500000000000e+00,13.62
2.520000000000e+00,13
2.540000000000e+00,13.68
2.560000000000e+00,13.58
2.580000000000e+00,13.04
2.600000000000e+00,12.98
2.620000000000e+00,13.68
2.640000000000e+00,13.62
2.660000000000e+00,12.96
2.680000000000e+00,13.06
2.700000000000e+00,13.64
2.720000000000e+00,13.04
2.740000000000e+00,13.64
2.760000000000e+00,13.04
2.780000000000e+00,13.64
2.800000000000e+00,13.68
2.820000000000e+00,13.04
2.840000000000e+00,13.72
2.860000000000e+00,13.04
2.880000000000e+00,13.58
2.900000000000e+00,12.92
2.920000000000e+00,12.92
2.940000000000e+00,13.6
2.960000000000e+00,13.06
2.980000000000e+00,13.64
3.000000000000e+00,12.94
3.020000000000e+00,13.64
3.040000000000e+00,13.04
3.060000000000e+00,13.58
3.080000000000e+00,13.58
3.100000000000e+00,12.94
3.120000000000e+00,13.64
3.140000000000e+00,12.96
3.160000000000e+00,12.94
3.180000000000e+00,13.64
3.200000000000e+00,13.64
3.220000000000e+00,13
3.240000000000e+00,13.62
3.260000000000e+00,12.92
3.280000000000e+00,13.72
3.300000000000e+00,13
3.320000000000e+00,13.04
3.340000000000e+00,13.68
3.360000000000e+00,13.64
3.380000000000e+00,12.92
3.400000000000e+00,13.58
3.420000000000e+00,12.94
3.440000000000e+00,12.94
3.460000000000e+00,13.62
3.480000000000e+00,12.94
3.500000000000e+00,13.66
3.520000000000e+00,13.04
3.540000000000e+00,13.62
3.560000000000e+00,13.66
3.580000000000e+00,12.96
3.600000000000e+00,13.66
3.620000000000e+00,13.06
3.640000000000e+00,13.58
3.660000000000e+00,12.98
3.680000000000e+00,13.62
3.700000000000e+00,12.96
3.720000000000e+00,13.62
3.740000000000e+00,12.94
3.760000000000e+00,13.7
3.780000000000e+00,12.94
3.800000000000e+00,13.6
3.820000000000e+00,13.04
3.840000000000e+00,13.58
3.860000000000e+00,12.98
3.880000000000e+00,13
3.900000000000e+00,13.74
3.920000000000e+00,13.12
3.940000000000e+00,13.6
3.960000000000e+00,13.66
3.980000000000e+00,12.94
4.000000000000e+00,13.62
4.020000000000e+00,13
4.040000000000e+00,13.56
4.060000000000e+00,12.96
4.080000000000e+00,13.62
4.100000000000e+00,12.98
4.120000000000e+00,13.04
4.140000000000e+00,13.72
4.160000000000e+00,13
4.180000000000e+00,13.64
4.200000000000e+00,13.68
4.220000000000e+00,13.02
4.240000000000e+00,13.68
4.260000000000e+00,12.94
4.280000000000e+00,13.06
4.300000000000e+00,13.72
4.320000000000e+00,13.66
4.340000000000e+00,13
4.360000000000e+00,13
4.380000000000e+00,13.62
4.400000000000e+00,12.98
4.420000000000e+00,13.68
4.440000000000e+00,13.08
4.460000000000e+00,13.64
4.480000000000e+00,13.68
4.500000000000e+00,12.96
4.520000000000e+00,13.6
4.540000000000e+00,13
4.560000000000e+00,13.52
4.580000000000e+00,13
4.600000000000e+00,13.72
4.620000000000e+00,13.06
4.640000000000e+00,13.68
4.660000000000e+00,13
4.680000000000e+00,13.56
4.700000000000e+00,13.06
4.720000000000e+00,13.58
4.740000000000e+00,13.02
4.760000000000e+00,13.04
4.780000000000e+00,13.6
4.800000000000e+00,13.66
4.820000000000e+00,12.88
4.840000000000e+00,13.58
4.860000000000e+00,13
4.880000000000e+00,13.62
4.900000000000e+00,13
4.920000000000e+00,13
4.940000000000e+00,13.56
4.960000000000e+00,13.58
4.980000000000e+00,13.02
5.000000000000e+00,12.96
5.020000000000e+00,13.46
5.040000000000e+00,13.62
5.060000000000e+00,12.98
5.080000000000e+00,13.1
5.100000000000e+00,13.58
5.120000000000e+00,13.58
5.140000000000e+00,12.94
5.160000000000e+00,13.64
5.180000000000e+00,12.98
5.200000000000e+00,13.54
5.220000000000e+00,13
5.240000000000e+00,13.68
5.260000000000e+00,12.98
5.280000000000e+00,13.04
5.300000000000e+00,13.66
5.320000000000e+00,13.04
5.340000000000e+00,13.62
5.360000000000e+00,12.98
5.380000000000e+00,13.62
5.400000000000e+00,13.04
5.420000000000e+00,13.58
5.440000000000e+00,13.56
5.460000000000e+00,13.04
5.480000000000e+00,13.58
5.500000000000e+00,13
5.520000000000e+00,13.6
5.540000000000e+00,13
5.560000000000e+00,12.98
5.580000000000e+00,13.62
5.600000000000e+00,13.62
5.620000000000e+00,13.04
5.640000000000e+00,12.98
5.660000000000e+00,13.66
5.680000000000e+00,13.6
5.700000000000e+00,12.98
5.720000000000e+00,13.66
5.740000000000e+00,12.96
5.760000000000e+00,13.6
5.780000000000e+00,13.04
5.800000000000e+00,13
5.820000000000e+00,13.58
5.840000000000e+00,13
5.860000000000e+00,13.58
5.880000000000e+00,13.08
5.900000000000e+00,13.62
5.920000000000e+00,13.54
5.940000000000e+00,13.06
5.960000000000e+00,13.6
5.980000000000e+00,13
6.000000000000e+00,13
6.020000000000e+00,13.62
6.040000000000e+00,12.98
6.060000000000e+00,13.6
6.080000000000e+00,13.64
6.100000000000e+00,13
6.120000000000e+00,13.64
6.140000000000e+00,13.04
6.160000000000e+00,12.98
6.180000000000e+00,13.58
6.200000000000e+00,13.66
6.220000000000e+00,12.88
6.240000000000e+00,13.62
6.260000000000e+00,12.92
6.280000000000e+00,13
6.300000000000e+00,13.6
6.320000000000e+00,12.98
6.340000000000e+00,13.62
6.360000000000e+00,13
6.380000000000e+00,13.62
6.400000000000e+00,13.62
6.420000000000e+00,12.98
6.440000000000e+00,12.94
6.460000000000e+00,13.72
6.480000000000e+00,12.94
6.500000000000e+00,13.62
6.520000000000e+00,13.56
6.540000000000e+00,12.98
6.560000000000e+00,13.02
6.580000000000e+00,13.6
6.600000000000e+00,13.04
6.620000000000e+00,13.58
6.640000000000e+00,13.04
6.660000000000e+00,13.68
6.680000000000e+00,13.6
6.700000000000e+00,12.94
6.720000000000e+00,13.58
6.740000000000e+00,13
6.760000000000e+00,13.62
6.780000000000e+00,13
6.800000000000e+00,13.1
6.820000000000e+00,13.62
6.840000000000e+00,13
6.860000000000e+00,13.58
6.880000000000e+00,13.62
6.900000000000e+00,13.06
6.920000000000e+00,13.62
6.940000000000e+00,13.12
6.960000000000e+00,13.62
6.980000000000e+00,13.04
7.000000000000e+00,13.64
7.020000000000e+00,13
7.040000000000e+00,13.62
7.060000000000e+00,12.9
7.080000000000e+00,13.54
7.100000000000e+00,13
7.120000000000e+00,13
7.140000000000e+00,13.62
7.160000000000e+00,13.64
7.180000000000e+00,13.04
7.200000000000e+00,13.6
7.220000000000e+00,13.1
7.240000000000e+00,13.74
7.260000000000e+00,12.96
7.280000000000e+00,13.62
7.300000000000e+00,12.98
7.320000000000e+00,13.04
7.340000000000e+00,13.52
7.360000000000e+00,12.96
7.380000000000e+00,13.62
7.400000000000e+00,12.94
7.420000000000e+00,13.54
7.440000000000e+00,13
7.460000000000e+00,13.6
7.480000000000e+00,13.6
7.500000000000e+00,12.96
7.520000000000e+00,12.98
7.540000000000e+00,13.66
7.560000000000e+00,13.62
7.580000000000e+00,13
7.600000000000e+00,13
7.620000000000e+00,13.58
7.640000000000e+00,12.88
7.660000000000e+00,13.62
7.680000000000e+00,12.94
7.700000000000e+00,13.46
7.720000000000e+00,13.62
7.740000000000e+00,13.02
7.760000000000e+00,13.1
7.780000000000e+00,13.66
7.800000000000e+00,13.58
7.820000000000e+00,12.96
7.840000000000e+00,13.58
7.860000000000e+00,12.98
7.880000000000e+00,12.88
7.900000000000e+00,13.52
7.920000000000e+00,12.9
7.940000000000e+00,13.62
7.960000000000e+00,13.58
7.980000000000e+00,12.94
8.000000000000e+00,13.62
8.020000000000e+00,12.98
8.040000000000e+00,13.58
8.060000000000e+00,12.94
8.080000000000e+00,13.56
8.100000000000e+00,13
8.120000000000e+00,13.04
8.140000000000e+00,13.64
8.160000000000e+00,12.92
8.180000000000e+00,13.62
8.200000000000e+00,13.48
8.220000000000e+00,13
8.240000000000e+00,13.68
8.260000000000e+00,13
8.280000000000e+00,13.06
8.300000000000e+00,13.62
8.320000000000e+00,12.98
8.340000000000e+00,13.58
8.360000000000e+00,13.6
8.380000000000e+00,13.06
8.400000000000e+00,13.62
8.420000000000e+00,13
8.440000000000e+00,13.56
8.460000000000e+00,13
8.480000000000e+00,13.64
8.500000000000e+00,12.98
8.520000000000e+00,13
8.540000000000e+00,13.62
8.560000000000e+00,13.56
8.580000000000e+00,13.06
8.600000000000e+00,13.04
8.620000000000e+00,13.62
8.640000000000e+00,12.98
8.660000000000e+00,13.66
8.680000000000e+00,13.62
8.700000000000e+00,13.04
8.720000000000e+00,13
8.740000000000e+00,13.62
8.760000000000e+00,13
8.780000000000e+00,13.62
8.800000000000e+00,13
8.820000000000e+00,13.6
8.840000000000e+00,13.68
8.860000000000e+00,13.04
8.880000000000e+00,13.62
8.900000000000e+00,13
8.920000000000e+00,12.94
8.940000000000e+00,13.56
8.960000000000e+00,12.88
8.980000000000e+00,13.6
9.000000000000e+00,13.6
9.020000000000e+00,13.12
9.040000000000e+00,13.62
9.060000000000e+00,13.04
9.080000000000e+00,13.62
9.100000000000e+00,13.1
9.120000000000e+00,13.04
9.140000000000e+00,13.62
9.160000000000e+00,12.98
9.180000000000e+00,13.62
9.200000000000e+00,13.56
9.220000000000e+00,12.96
9.240000000000e+00,13.58
9.260000000000e+00,12.98
9.280000000000e+00,13.66
9.300000000000e+00,13
9.320000000000e+00,13.56
9.340000000000e+00,12.96
9.360000000000e+00,13.04
9.380000000000e+00,13.6
9.400000000000e+00,13.62
9.420000000000e+00,13
9.440000000000e+00,13.52
9.460000000000e+00,13
9.480000000000e+00,13.58
9.500000000000e+00,13.1
9.520000000000e+00,13
9.540000000000e+00,13.56
9.560000000000e+00,13.62
9.580000000000e+00,12.94
9.600000000000e+00,13.04
9.620000000000e+00,13.58
9.640000000000e+00,12.96
9.660000000000e+00,13.64
9.680000000000e+00,13.68
9.700000000000e+00,13
9.720000000000e+00,12.96
9.740000000000e+00,13.62
9.760000000000e+00,12.98
9.780000000000e+00,13.62
9.800000000000e+00,13.62
9.820000000000e+00,13
9.840000000000e+00,12.88
9.860000000000e+00,13.54
9.880000000000e+00,13.04
9.900000000000e+00,13.66
9.920000000000e+00,13.7
9.940000000000e+00,13.08
9.960000000000e+00,12.94
9.980000000000e+00,13.66
1.000000000000e+01,13.62
1.002000000000e+01,12.96
1.004000000000e+01,13.68
1.006000000000e+01,12.96
1.008000000000e+01,13
1.010000000000e+01,13.68
1.012000000000e+01,13.58
1.014000000000e+01,12.98
1.016000000000e+01,13.12
1.018000000000e+01,13.62
1.020000000000e+01,13.62
1.022000000000e+01,13
1.024000000000e+01,13.68
1.026000000000e+01,12.98
1.028000000000e+01,13.04
1.030000000000e+01,13.62
1.032000000000e+01,13.64
1.034000000000e+01,13.1
1.036000000000e+01,13.56
1.038000000000e+01,12.98
1.040000000000e+01,13.6
1.042000000000e+01,13.08
1.044000000000e+01,13
1.046000000000e+01,13.62
1.048000000000e+01,13.04
1.050000000000e+01,13.68
1.052000000000e+01,13.52
1.054000000000e+01,13
1.056000000000e+01,13.68
1.058000000000e+01,13
1.060000000000e+01,13.66
1.062000000000e+01,12.96
1.064000000000e+01,13
1.066000000000e+01,13.62
1.068000000000e+01,13
1.070000000000e+01,13.66
1.072000000000e+01,12.98
1.074000000000e+01,13.66
1.076000000000e+01,13.6
1.078000000000e+01,13.06
1.080000000000e+01,13.04
1.082000000000e+01,13.62
1.084000000000e+01,13.06
1.086000000000e+01,13.52
1.088000000000e+01,13.62
1.090000000000e+01,12.94
1.092000000000e+01,13.56
1.094000000000e+01,12.98
1.096000000000e+01,12.94
1.098000000000e+01,13.58
1.100000000000e+01,13.58
1.102000000000e+01,12.98
1.104000000000e+01,13.54
1.106000000000e+01,13
1.108000000000e+01,13.52
1.110000000000e+01,12.98
1.112000000000e+01,13.62
1.114000000000e+01,12.96
1.116000000000e+01,13.54
1.118000000000e+01,13
1.120000000000e+01,13.68
1.122000000000e+01,12.98
1.124000000000e+01,13.62
1.126000000000e+01,13.02
1.128000000000e+01,13.62
1.130000000000e+01,13
1.132000000000e+01,13.68
1.134000000000e+01,13
1.136000000000e+01,13.56
1.138000000000e+01,12.94
1.140000000000e+01,13.6
1.142000000000e+01,13
1.144000000000e+01,13.64
1.146000000000e+01,13.02
1.148000000000e+01,13.04
1.150000000000e+01,13.62
1.152000000000e+01,13.62
1.154000000000e+01,12.98
1.156000000000e+01,13.58
1.158000000000e+01,13
1.160000000000e+01,13.7
1.162000000000e+01,12.96
1.164000000000e+01,13
1.166000000000e+01,13.62
1.168000000000e+01,13.04
1.170000000000e+01,13.72
1.172000000000e+01,13.58
1.174000000000e+01,12.92
1.176000000000e+01,13
1.178000000000e+01,13.68
1.180000000000e+01,13.64
1.182000000000e+01,13.08
1.184000000000e+01,13.58
1.186000000000e+01,13
1.188000000000e+01,13.62
1.190000000000e+01,13
1.192000000000e+01,13.04
1.194000000000e+01,13.62
1.196000000000e+01,13.52
1.198000000000e+01,12.98
