t_s,CHAN2,CHAN3,CHAN4
-1.000000000000e-01,1.44,4.6,8.72
-9.950000000000e-02,1.88,5.56,9.2
-9.900000000000e-02,1.4,6,9.04
-9.850000000000e-02,1.8,4.72,8.56
-9.800000000000e-02,1.48,4.48,9.12
-9.750000000000e-02,1.96,5.64,8.72
-9.700000000000e-02,1.88,4.56,9.12
-9.650000000000e-02,1.44,5.56,8.56
-9.600000000000e-02,1.32,4.28,9.12
-9.550000000000e-02,2,5.64,8.56
-9.500000000000e-02,1.48,4.6,8.8
-9.450000000000e-02,1.76,5.4,9.04
-9.400000000000e-02,1.8,4.6,9.04
-9.350000000000e-02,1.44,5.6,8.88
-9.300000000000e-02,1.88,4.68,9.28
-9.250000000000e-02,1.32,5.6,8.64
-9.200000000000e-02,1.84,4.64,8.64
-9.150000000000e-02,1.44,5.36,9.2
-9.100000000000e-02,1.72,5.32,9.2
-9.050000000000e-02,1.48,4.64,8.64
-9.000000000000e-02,1.76,4.6,9.28
-8.950000000000e-02,1.4,5.6,8.72
-8.900000000000e-02,1.32,5.48,9.28
-8.850000000000e-02,2.04,4.36,8.72
-8.800000000000e-02,1.28,5.48,9.36
-8.750000000000e-02,1.96,4.6,8.72
-8.700000000000e-02,1.96,5.48,8.72
-8.650000000000e-02,1.4,4.6,9.28
-8.600000000000e-02,1.72,5.6,9.12
-8.550000000000e-02,1.44,4.72,8.96
-8.500000000000e-02,1.92,5.48,9.28
-8.450000000000e-02,1.4,4.56,8.72
-8.400000000000e-02,1.76,5.32,8.96
-8.350000000000e-02,1.36,4.64,9.36
-8.300000000000e-02,1.8,5.36,9.44
-8.250000000000e-02,1.4,4.84,8.8
-8.200000000000e-02,1.72,5.2,9.28
-8.150000000000e-02,1.44,4.6,8.88
-8.100000000000e-02,2,5.52,8.88
-8.050000000000e-02,1.4,4.44,9.28
-8.000000000000e-02,1.96,5.72,8.88
-7.950000000000e-02,1.36,4.6,9.44
-7.900000000000e-02,1.84,5.44,9.44
-7.850000000000e-02,1.28,4.56,8.88
-7.800000000000e-02,1.48,4.6,9.12
-7.750000000000e-02,1.76,5.36,9.36
-7.700000000000e-02,1.44,4.56,9.52
-7.650000000000e-02,1.84,5.68,9.04
-7.600000000000e-02,1.48,5.64,9.36
-7.550000000000e-02,2.04,4.28,9.04
-7.500000000000e-02,1.4,5.36,9.04
-7.450000000000e-02,1.84,4.6,9.52
-7.400000000000e-02,1.72,4.68,9.52
-7.350000000000e-02,1.36,5.52,8.88
-7.300000000000e-02,1.44,4.64,9.12
-7.250000000000e-02,1.92,5.56,9.52
-7.200000000000e-02,1.32,5.76,8.96
-7.150000000000e-02,1.88,4.56,9.6
-7.100000000000e-02,1.88,4.56,9.6
-7.050000000000e-02,1.32,5.6,9.04
-7.000000000000e-02,1.76,4.64,9.2
-6.950000000000e-02,1.48,5.44,9.44
-6.900000000000e-02,1.52,5.36,9.44
-6.850000000000e-02,1.76,4.6,9.2
-6.800000000000e-02,1.32,4.4,9.6
-6.750000000000e-02,1.92,5.52,9.12
-6.700000000000e-02,1.88,5.48,9.52
-6.650000000000e-02,1.36,4.64,9.12
-6.600000000000e-02,1.44,5.4,9.76
-6.550000000000e-02,1.76,4.84,9.12
-6.500000000000e-02,1.76,5.44,9.52
-6.450000000000e-02,1.28,4.68,9.28
-6.400000000000e-02,1.8,4.6,9.68
-6.350000000000e-02,1.32,5.6,9.12
-6.300000000000e-02,1.44,5.68,9.6
-6.250000000000e-02,2,4.48,9.2
-6.200000000000e-02,1.88,5.6,9.76
-6.150000000000e-02,1.44,4.56,9.2
-6.100000000000e-02,1.48,4.72,9.36
-6.050000000000e-02,1.76,5.64,9.52
-6.000000000000e-02,1.96,4.32,9.36
-5.950000000000e-02,1.28,5.6,9.76
-5.900000000000e-02,1.36,5.68,9.2
-5.850000000000e-02,1.96,4.72,9.76
-5.800000000000e-02,1.48,5.36,9.76
-5.750000000000e-02,1.84,4.68,9.36
-5.700000000000e-02,1.48,5.48,9.76
-5.650000000000e-02,1.92,4.84,9.36
-5.600000000000e-02,1.84,5.36,9.68
-5.550000000000e-02,1.36,4.6,9.36
-5.500000000000e-02,1.48,5.64,9.68
-5.450000000000e-02,1.76,4.64,9.44
-5.400000000000e-02,1.32,5.6,9.28
-5.350000000000e-02,2,4.56,9.92
-5.300000000000e-02,1.76,4.6,9.6
-5.250000000000e-02,1.44,5.64,9.76
-5.200000000000e-02,1.4,4.6,9.6
-5.150000000000e-02,1.88,5.6,9.76
-5.100000000000e-02,1.84,5.32,9.92
-5.050000000000e-02,1.32,4.56,9.36
-5.000000000000e-02,1.48,4.84,9.92
-4.950000000000e-02,1.76,5.44,9.44
-4.900000000000e-02,1.48,5.36,9.6
-4.850000000000e-02,1.96,4.56,9.92
-4.800000000000e-02,1.96,5.64,9.92
-4.750000000000e-02,1.44,4.72,9.44
-4.700000000000e-02,1.4,5.8,10
-4.650000000000e-02,1.88,4.64,9.44
-4.600000000000e-02,1.28,4.52,10
-4.550000000000e-02,1.92,5.56,9.52
-4.500000000000e-02,1.76,4.64,9.68
-4.450000000000e-02,1.44,5.56,9.84
-4.400000000000e-02,1.76,4.6,9.76
-4.350000000000e-02,1.48,5.4,9.92
-4.300000000000e-02,1.28,5.84,9.52
-4.250000000000e-02,2.04,4.56,10.08
-4.200000000000e-02,1.76,5.48,10.16
-4.150000000000e-02,1.4,4.64,9.44
-4.100000000000e-02,1.8,5.4,9.92
-4.050000000000e-02,1.48,4.64,9.6
-4.000000000000e-02,1.44,4.68,9.76
-3.950000000000e-02,1.76,5.64,10.08
-3.900000000000e-02,1.4,5.8,9.6
-3.850000000000e-02,2.04,4.32,10.08
-3.800000000000e-02,1.36,4.6,10.16
-3.750000000000e-02,1.84,5.8,9.6
-3.700000000000e-02,1.8,4.64,9.76
-3.650000000000e-02,1.4,5.44,10.16
-3.600000000000e-02,1.76,4.64,10
-3.550000000000e-02,1.4,5.6,9.84
-3.500000000000e-02,1.32,4.36,10.16
-3.450000000000e-02,1.84,5.88,9.68
-3.400000000000e-02,1.36,5.36,10.32
-3.350000000000e-02,1.88,4.64,9.68
-3.300000000000e-02,1.92,4.56,10.08
-3.250000000000e-02,1.48,5.8,9.84
-3.200000000000e-02,1.8,4.84,10.08
-3.150000000000e-02,1.48,5.32,9.76
-3.100000000000e-02,1.84,4.4,10.24
-3.050000000000e-02,1.44,5.6,9.76
-3.000000000000e-02,1.44,5.8,10.32
-2.950000000000e-02,2.04,4.36,9.76
-2.900000000000e-02,1.44,4.32,10.24
-2.850000000000e-02,1.92,5.56,9.76
-2.800000000000e-02,1.48,5.64,9.92
-2.750000000000e-02,1.76,4.64,10.24
-2.700000000000e-02,1.44,5.64,10.24
-2.650000000000e-02,2.04,4.6,9.76
-2.600000000000e-02,1.72,4.68,9.92
-2.550000000000e-02,1.36,5.64,10.32
-2.500000000000e-02,1.8,5.48,9.92
-2.450000000000e-02,1.44,4.72,10.24
-2.400000000000e-02,1.76,4.68,10.32
-2.350000000000e-02,1.36,5.44,10
-2.300000000000e-02,1.88,5.44,10.08
-2.250000000000e-02,1.4,4.6,10.32
-2.200000000000e-02,1.48,5.4,9.84
-2.150000000000e-02,2.04,4.6,10.48
-2.100000000000e-02,2.04,5.44,10.48
-2.050000000000e-02,1.32,4.64,9.84
-2.000000000000e-02,1.44,5.4,10.16
-1.950000000000e-02,1.72,4.68,10.32
-1.900000000000e-02,1.48,5.48,10.4
-1.850000000000e-02,1.76,4.56,10.16
-1.800000000000e-02,1.4,4.36,10.64
-1.750000000000e-02,1.96,5.68,9.92
-1.700000000000e-02,1.96,5.6,9.92
-1.650000000000e-02,1.48,4.56,10.48
-1.600000000000e-02,1.52,5.32,10.24
-1.550000000000e-02,1.72,4.8,10.4
-1.500000000000e-02,1.52,5.92,10.08
-1.450000000000e-02,1.8,4.64,10.56
-1.400000000000e-02,1.96,4.64,10
-1.350000000000e-02,1.4,5.68,10.48
-1.300000000000e-02,1.36,4.64,10.56
-1.250000000000e-02,2.04,5.88,10
-1.200000000000e-02,1.36,5.68,10.64
-1.150000000000e-02,2,4.56,10.16
-1.100000000000e-02,1.56,4.84,10.32
-1.050000000000e-02,1.72,5.48,10.48
-1.000000000000e-02,1.96,5.76,10.24
-9.500000000000e-03,1.36,4.48,10.64
-9.000000000000e-03,1.44,5.36,10.56
-8.500000000000e-03,1.84,4.6,10.16
-8.000000000000e-03,1.4,4.72,10.16
-7.500000000000e-03,1.84,5.72,10.72
-7.000000000000e-03,1.72,5.44,10.24
-6.500000000000e-03,1.4,4.76,10.64
-6.000000000000e-03,1.4,5.4,10.32
-5.500000000000e-03,2,4.48,10.72
-5.000000000000e-03,1.32,4.4,10.16
-4.500000000000e-03,1.96,5.84,10.72
-4.000000000000e-03,1.32,4.44,10.32
-3.500000000000e-03,1.92,5.6,10.72
-3.000000000000e-03,1.56,5.48,10.4
-2.500000000000e-03,1.84,4.6,10.64
-2.000000000000e-03,1.36,5.52,10.72
-1.500000000000e-03,1.92,4.52,10.24
-1.000000000000e-03,1.92,5.76,10.72
-5.000000000000e-04,1.4,4.6,10.24
0.000000000000e+00,2,4.48,10.8
5.000000000000e-04,1.4,5.4,10.32
1.000000000000e-03,1.48,4.8,10.72
1.500000000000e-03,1.8,5.56,10.4
2.000000000000e-03,1.88,5.56,10.32
2.500000000000e-03,1.32,4.64,10.88
3.000000000000e-03,1.88,4.64,10.4
3.500000000000e-03,1.36,5.6,10.88
4.000000000000e-03,1.32,5.64,10.8
4.500000000000e-03,1.84,4.6,10.32
5.000000000000e-03,1.48,4.68,10.56
5.500000000000e-03,1.8,5.44,10.8
6.000000000000e-03,1.52,5.44,10.72
6.500000000000e-03,1.76,4.72,10.48
7.000000000000e-03,1.32,4.76,10.96
7.500000000000e-03,1.92,5.64,10.4
8.000000000000e-03,1.88,4.72,10.4
8.500000000000e-03,1.44,5.48,10.96
9.000000000000e-03,1.72,4.68,10.64
9.500000000000e-03,1.48,5.36,10.88
1.000000000000e-02,1.44,5.48,10.56
1.050000000000e-02,1.8,4.6,11.04
1.100000000000e-02,1.96,4.6,10.96
1.150000000000e-02,1.36,5.68,10.48
1.200000000000e-02,1.92,5.52,10.56
1.250000000000e-02,1.28,4.28,11.04
1.300000000000e-02,1.84,5.44,10.88
1.350000000000e-02,1.4,4.52,10.56
1.400000000000e-02,1.48,5.32,10.64
1.450000000000e-02,1.76,4.64,10.96
1.500000000000e-02,1.96,5.64,11.04
1.550000000000e-02,1.36,4.32,10.72
1.600000000000e-02,1.36,4.68,11.12
1.650000000000e-02,1.76,5.56,10.48
1.700000000000e-02,1.76,5.56,10.72
1.750000000000e-02,1.48,4.72,11.12
1.800000000000e-02,1.4,5.6,10.64
1.850000000000e-02,1.76,4.6,11.04
1.900000000000e-02,1.32,4.56,10.56
1.950000000000e-02,1.8,5.64,11.2
2.000000000000e-02,1.36,4.48,11.2
2.050000000000e-02,1.92,5.88,10.64
2.100000000000e-02,2.04,4.36,11.2
2.150000000000e-02,1.32,5.68,10.72
2.200000000000e-02,1.72,4.56,10.64
2.250000000000e-02,1.52,5.32,11.12
2.300000000000e-02,1.84,5.56,11.2
2.350000000000e-02,1.32,4.48,10.8
2.400000000000e-02,1.36,4.64,10.72
2.450000000000e-02,1.88,5.52,11.12
2.500000000000e-02,1.76,5.52,10.88
2.550000000000e-02,1.44,4.56,11.2
2.600000000000e-02,1.76,4.72,10.8
2.650000000000e-02,1.4,5.32,11.2
2.700000000000e-02,1.36,5.76,10.8
2.750000000000e-02,2,4.44,11.2
2.800000000000e-02,1.84,5.44,10.88
2.850000000000e-02,1.32,4.56,11.28
2.900000000000e-02,1.88,5.8,10.8
2.950000000000e-02,1.36,4.6,11.36
3.000000000000e-02,1.48,5.36,11.2
3.050000000000e-02,1.8,4.56,10.72
3.100000000000e-02,1.44,4.56,11.28
3.150000000000e-02,1.92,5.64,10.88
3.200000000000e-02,1.36,5.84,11.28
3.250000000000e-02,2,4.28,10.88
3.300000000000e-02,1.36,5.64,11.04
3.350000000000e-02,1.8,4.6,11.36
3.400000000000e-02,1.44,5.36,11.36
3.450000000000e-02,1.92,4.56,10.88
3.500000000000e-02,1.44,5.44,11.04
3.550000000000e-02,1.92,4.6,11.36
3.600000000000e-02,1.36,4.6,11.44
3.650000000000e-02,2,5.56,10.96
3.700000000000e-02,1.36,4.64,10.96
3.750000000000e-02,1.92,5.56,11.44
3.800000000000e-02,1.4,4.64,11.36
3.850000000000e-02,1.8,5.32,10.96
3.900000000000e-02,1.48,4.6,11.2
3.950000000000e-02,1.76,5.6,11.28
4.000000000000e-02,1.92,5.6,11.6
4.050000000000e-02,1.28,4.36,11.04
4.100000000000e-02,1.48,5.72,11.04
4.150000000000e-02,2,4.56,11.52
4.200000000000e-02,1.52,5.36,11.52
4.250000000000e-02,1.84,4.6,11.12
4.300000000000e-02,1.76,5.32,11.44
4.350000000000e-02,1.44,4.72,11.12
4.400000000000e-02,1.44,5.44,11.04
4.450000000000e-02,1.96,4.56,11.52
4.500000000000e-02,1.84,5.64,11.2
4.550000000000e-02,1.4,4.64,11.6
4.600000000000e-02,1.96,4.56,11.04
4.650000000000e-02,1.36,5.44,11.68
4.700000000000e-02,1.44,5.56,11.52
4.750000000000e-02,1.76,4.6,11.28
4.800000000000e-02,1.8,4.56,11.76
4.850000000000e-02,1.36,5.6,11.2
4.900000000000e-02,1.32,5.72,11.68
4.950000000000e-02,1.84,4.56,11.2
5.000000000000e-02,1.32,4.52,11.36
5.050000000000e-02,1.8,5.8,11.68
5.100000000000e-02,1.4,5.64,11.36
5.150000000000e-02,1.72,4.84,11.6
5.200000000000e-02,1.88,5.48,11.36
5.250000000000e-02,1.36,4.6,11.84
5.300000000000e-02,1.76,4.6,11.68
5.350000000000e-02,1.48,5.48,11.36
5.400000000000e-02,1.8,4.6,11.68
5.450000000000e-02,1.36,5.56,11.36
5.500000000000e-02,1.48,4.6,11.68
5.550000000000e-02,1.8,5.4,11.44
5.600000000000e-02,1.68,4.76,11.52
5.650000000000e-02,1.44,5.6,11.68
5.700000000000e-02,2.08,4.32,11.84
5.750000000000e-02,1.32,5.8,11.36
5.800000000000e-02,1.4,5.4,11.84
5.850000000000e-02,1.72,4.72,11.44
5.900000000000e-02,1.48,5.44,11.84
5.950000000000e-02,1.8,4.68,11.44
6.000000000000e-02,1.44,4.64,11.52
6.050000000000e-02,1.92,5.32,11.76
6.100000000000e-02,1.36,5.36,11.84
6.150000000000e-02,1.84,4.56,11.36
6.200000000000e-02,1.24,4.56,11.92
6.250000000000e-02,1.96,5.56,11.44
6.300000000000e-02,1.4,4.72,11.92
6.350000000000e-02,1.84,5.56,11.36
6.400000000000e-02,1.76,4.56,11.6
6.450000000000e-02,1.48,5.44,11.76
6.500000000000e-02,1.4,5.52,12
6.550000000000e-02,1.92,4.4,11.44
6.600000000000e-02,1.92,5.4,11.92
6.650000000000e-02,1.48,4.64,11.52
6.700000000000e-02,1.76,4.6,11.6
6.750000000000e-02,1.4,5.32,12
6.800000000000e-02,1.44,4.44,12
6.850000000000e-02,1.8,5.48,11.6
6.900000000000e-02,1.4,4.56,11.6
6.950000000000e-02,2.04,5.44,12
7.000000000000e-02,1.96,5.56,11.52
7.050000000000e-02,1.36,4.36,12
7.100000000000e-02,1.76,4.36,12
7.150000000000e-02,1.36,5.52,11.6
7.200000000000e-02,1.48,5.4,11.76
7.250000000000e-02,1.8,4.68,11.92
7.300000000000e-02,1.8,4.56,12.16
7.350000000000e-02,1.44,5.76,11.52
7.400000000000e-02,1.96,5.64,11.76
7.450000000000e-02,1.32,4.28,12.08
7.500000000000e-02,1.72,4.68,11.76
7.550000000000e-02,1.44,5.6,12.16
7.600000000000e-02,1.8,5.68,12.16
7.650000000000e-02,1.48,4.76,11.68
7.700000000000e-02,1.96,5.36,12.16
7.750000000000e-02,1.36,4.6,11.76
7.800000000000e-02,1.84,4.6,12.24
7.850000000000e-02,1.36,5.68,11.76
7.900000000000e-02,1.32,5.76,12.16
7.950000000000e-02,2.04,4.28,11.6
8.000000000000e-02,1.76,5.6,12.08
8.050000000000e-02,1.48,4.64,11.92
8.100000000000e-02,1.44,4.64,11.92
8.150000000000e-02,1.92,5.36,12.32
8.200000000000e-02,1.32,5.6,12.24
8.250000000000e-02,2.04,4.28,11.84
8.300000000000e-02,1.44,5.76,11.84
8.350000000000e-02,1.92,4.44,12.32
8.400000000000e-02,1.4,4.56,11.92
8.450000000000e-02,1.8,5.44,12.24
8.500000000000e-02,1.76,4.76,11.76
8.550000000000e-02,1.36,5.56,12.4
8.600000000000e-02,1.32,5.72,11.92
8.650000000000e-02,1.88,4.32,12.32
8.700000000000e-02,1.96,5.64,11.76
8.750000000000e-02,1.28,4.28,12.4
8.800000000000e-02,1.28,5.64,12.4
8.850000000000e-02,1.8,4.6,11.84
8.900000000000e-02,1.8,4.56,12.08
8.950000000000e-02,1.48,5.64,12.24
9.000000000000e-02,1.92,4.52,12.48
9.050000000000e-02,1.32,5.8,11.92
9.100000000000e-02,1.52,4.44,12.08
9.150000000000e-02,1.92,5.4,12.48
9.200000000000e-02,1.76,4.72,12.08
9.250000000000e-02,1.4,5.36,12.4
9.300000000000e-02,1.4,4.72,12.56
9.350000000000e-02,1.96,5.36,12
9.400000000000e-02,1.92,4.6,12.08
9.450000000000e-02,1.44,5.6,12.4
9.500000000000e-02,1.28,4.6,12
9.550000000000e-02,2,5.6,12.56
9.600000000000e-02,1.96,5.36,12.56
9.650000000000e-02,1.28,4.64,12
9.700000000000e-02,1.48,4.64,12.24
9.750000000000e-02,1.76,5.44,12.4
9.800000000000e-02,2.04,4.6,12
9.850000000000e-02,1.36,5.44,12.56
9.900000000000e-02,1.44,4.64,12.16
9.950000000000e-02,1.96,5.72,12.56
1.000000000000e-01,1.8,4.8,12.16
1.005000000000e-01,1.44,5.52,12.48
1.010000000000e-01,1.52,4.72,12.72
1.015000000000e-01,1.8,5.4,12.16
1.020000000000e-01,1.84,4.56,12.08
1.025000000000e-01,1.48,5.48,12.56
1.030000000000e-01,1.88,4.6,12.64
1.035000000000e-01,1.36,5.6,12.16
1.040000000000e-01,1.96,4.56,12.24
1.045000000000e-01,1.32,5.8,12.72
1.050000000000e-01,1.76,4.6,12.48
1.055000000000e-01,1.52,5.56,12.32
1.060000000000e-01,1.92,4.56,12.16
1.065000000000e-01,1.44,5.64,12.64
1.070000000000e-01,1.92,5.6,12.64
1.075000000000e-01,1.4,4.6,12.24
1.080000000000e-01,1.4,4.64,12.72
1.085000000000e-01,1.88,5.6,12.32
1.090000000000e-01,1.8,5.48,12.16
1.095000000000e-01,1.36,4.68,12.72
1.100000000000e-01,1.28,5.36,12.4
1.105000000000e-01,1.76,4.64,12.8
1.110000000000e-01,1.84,4.6,12.72
1.115000000000e-01,1.4,5.56,12.24
1.120000000000e-01,1.36,5.72,12.88
1.125000000000e-01,1.92,4.52,12.16
1.130000000000e-01,1.48,5.6,12.4
1.135000000000e-01,1.8,4.64,12.8
1.140000000000e-01,1.48,5.6,12.8
1.145000000000e-01,1.76,4.6,12.48
1.150000000000e-01,1.92,5.6,12.88
1.155000000000e-01,1.28,4.36,12.32
1.160000000000e-01,1.44,5.44,12.48
1.165000000000e-01,1.92,4.52,12.96
1.170000000000e-01,1.48,4.68,12.8
1.175000000000e-01,1.84,5.32,12.24
1.180000000000e-01,1.76,5.52,12.88
1.185000000000e-01,1.44,4.72,12.4
1.190000000000e-01,1.28,5.6,12.96
1.195000000000e-01,1.88,4.64,12.4
1.200000000000e-01,1.4,5.72,12.96
1.205000000000e-01,2,4.44,12.48
1.210000000000e-01,1.92,4.6,12.96
1.215000000000e-01,1.4,5.52,12.4
1.220000000000e-01,1.76,4.56,12.72
1.225000000000e-01,1.44,5.64,12.88
1.230000000000e-01,1.84,4.64,12.88
1.235000000000e-01,1.32,5.6,12.64
1.240000000000e-01,1.76,4.64,13.04
1.245000000000e-01,-0.04,5.36,12.56
1.250000000000e-01,-0.08,5.64,13.12
1.255000000000e-01,1.84,4.64,12.48
1.260000000000e-01,0,4.68,12.96
1.265000000000e-01,1.92,5.4,12.56
1.270000000000e-01,1.44,4.72,12.72
1.275000000000e-01,1.92,5.4,12.96
1.280000000000e-01,1.76,5.52,12.64
1.285000000000e-01,1.28,4.56,13.12
1.290000000000e-01,1.96,4.56,13.12
1.295000000000e-01,1.32,5.64,12.64
1.300000000000e-01,1.76,4.56,12.8
1.305000000000e-01,1.48,5.64,12.96
1.310000000000e-01,1.76,4.6,13.04
1.315000000000e-01,1.44,5.4,12.72
1.320000000000e-01,2,5.8,13.12
1.325000000000e-01,1.32,4.36,12.72
1.330000000000e-01,1.88,5.44,12.72
1.335000000000e-01,1.4,4.64,13.2
1.340000000000e-01,1.48,5.4,13.12
1.345000000000e-01,1.8,4.76,12.8
1.350000000000e-01,1.48,4.36,12.88
1.355000000000e-01,2.04,5.36,13.12
1.360000000000e-01,1.44,5.68,13.2
1.365000000000e-01,2.04,4.4,12.72
1.370000000000e-01,1.44,4.4,13.2
1.375000000000e-01,2,5.76,12.64
1.380000000000e-01,1.44,4.52,12.64
1.385000000000e-01,1.92,5.64,13.2
1.390000000000e-01,1.72,4.76,13.2
1.395000000000e-01,1.48,5.44,12.88
1.400000000000e-01,1.32,4.64,13.28
1.405000000000e-01,1.92,5.84,12.8
1.410000000000e-01,1.8,4.56,12.8
1.415000000000e-01,1.32,5.36,13.36
1.420000000000e-01,1.84,5.48,12.88
1.425000000000e-01,1.4,4.72,13.2
1.430000000000e-01,1.4,5.36,13.36
1.435000000000e-01,1.8,4.72,12.88
1.440000000000e-01,1.92,5.64,13.28
1.445000000000e-01,1.4,4.56,12.8
1.450000000000e-01,1.36,5.84,12.96
1.455000000000e-01,2.04,4.28,13.36
1.460000000000e-01,1.44,5.88,13.44
1.465000000000e-01,2.04,4.28,12.88
1.470000000000e-01,1.76,4.6,13.2
1.475000000000e-01,1.48,5.64,13.12
1.480000000000e-01,2,4.4,13.04
1.485000000000e-01,1.44,5.64,13.52
1.490000000000e-01,1.36,4.56,12.88
1.495000000000e-01,1.84,5.6,13.44
1.500000000000e-01,1.92,5.48,13.44
1.505000000000e-01,1.44,4.56,12.96
1.510000000000e-01,1.76,4.32,13.12
1.515000000000e-01,1.24,5.52,13.52
1.520000000000e-01,1.4,5.4,13.44
1.525000000000e-01,2,4.64,13.04
1.530000000000e-01,1.4,5.64,13.04
1.535000000000e-01,1.92,4.68,13.52
1.540000000000e-01,1.96,4.64,13.04
1.545000000000e-01,1.36,5.72,13.6
1.550000000000e-01,1.48,4.56,13.28
1.555000000000e-01,1.8,5.6,13.44
1.560000000000e-01,1.76,4.6,13.68
1.565000000000e-01,1.44,5.6,13.2
1.570000000000e-01,1.96,5.6,13.12
1.575000000000e-01,1.32,4.76,13.52
1.580000000000e-01,1.44,4.36,13.44
1.585000000000e-01,1.92,5.64,13.04
1.590000000000e-01,1.68,4.76,13.2
1.595000000000e-01,1.44,5.52,13.52
1.600000000000e-01,1.8,4.64,13.2
1.605000000000e-01,1.36,5.68,13.52
1.610000000000e-01,1.48,5.6,12.96
1.615000000000e-01,2.04,4.28,13.52
1.620000000000e-01,1.4,5.84,13.52
1.625000000000e-01,2.08,4.24,12.96
1.630000000000e-01,1.28,5.4,13.6
1.635000000000e-01,1.8,4.6,13.12
1.640000000000e-01,1.76,4.64,13.44
1.645000000000e-01,1.52,5.64,13.28
1.650000000000e-01,1.84,5.44,12.88
1.655000000000e-01,1.28,4.64,13.6
1.660000000000e-01,1.48,5.76,13.04
1.665000000000e-01,1.96,4.6,13.52
1.670000000000e-01,1.4,4.8,13.12
1.675000000000e-01,1.72,5.4,13.6
1.680000000000e-01,1.72,5.52,13.44
1.685000000000e-01,1.44,4.76,13.2
1.690000000000e-01,1.44,5.52,13.04
1.695000000000e-01,1.8,4.64,13.68
1.700000000000e-01,2,4.4,13.6
1.705000000000e-01,1.32,5.8,13.04
1.710000000000e-01,1.36,5.6,13.2
1.715000000000e-01,1.8,4.56,13.52
1.720000000000e-01,1.56,5.4,13.52
1.725000000000e-01,1.76,4.6,13.12
1.730000000000e-01,1.84,5.4,13.44
1.735000000000e-01,1.44,4.6,12.96
1.740000000000e-01,1.4,5.64,13.04
1.745000000000e-01,1.96,4.28,13.52
1.750000000000e-01,1.44,5.52,13.12
1.755000000000e-01,1.92,4.76,13.6
1.760000000000e-01,1.48,4.72,13.52
1.765000000000e-01,1.76,5.48,13.2
1.770000000000e-01,1.92,4.76,13.2
1.775000000000e-01,1.28,5.52,13.6
1.780000000000e-01,1.32,4.6,12.96
1.785000000000e-01,1.84,5.6,13.6
1.790000000000e-01,1.32,5.6,13.6
1.795000000000e-01,1.92,4.48,12.96
1.800000000000e-01,1.76,4.68,13.2
1.805000000000e-01,1.48,5.6,13.6
1.810000000000e-01,1.48,5.4,13.28
1.815000000000e-01,1.8,4.56,13.44
1.820000000000e-01,1.36,5.56,12.96
1.825000000000e-01,1.96,4.36,13.6
1.830000000000e-01,1.84,5.28,13.68
1.835000000000e-01,1.36,4.56,13.12
1.840000000000e-01,1.56,4.8,13.44
1.845000000000e-01,1.84,5.2,13.04
1.850000000000e-01,1.36,5.6,13.52
1.855000000000e-01,1.8,4.4,12.96
1.860000000000e-01,1.84,4.56,13.52
1.865000000000e-01,1.36,5.64,13.12
1.870000000000e-01,1.32,4.72,13.52
1.875000000000e-01,1.92,5.64,13.04
1.880000000000e-01,1.8,4.64,13.6
1.885000000000e-01,1.44,5.64,13.04
1.890000000000e-01,1.72,4.64,13.28
1.895000000000e-01,1.36,5.52,13.44
1.900000000000e-01,1.4,4.32,13.04
1.905000000000e-01,2,5.76,13.6
1.910000000000e-01,1.44,5.44,13.2
1.915000000000e-01,1.96,4.48,13.52
1.920000000000e-01,1.84,5.68,13.44
1.925000000000e-01,1.44,4.72,13.12
1.930000000000e-01,1.88,4.72,13.12
1.935000000000e-01,1.48,5.6,13.52
1.940000000000e-01,1.88,4.48,13.76
1.945000000000e-01,1.28,5.48,13.2
1.950000000000e-01,1.84,5.6,13.12
1.955000000000e-01,1.36,4.44,13.44
1.960000000000e-01,1.92,5.56,13.2
1.965000000000e-01,1.4,4.68,13.76
1.970000000000e-01,1.72,4.6,13.28
1.975000000000e-01,1.4,5.6,13.44
1.980000000000e-01,1.4,5.64,13.28
1.985000000000e-01,1.8,4.6,13.44
1.990000000000e-01,1.96,5.8,13.52
1.995000000000e-01,1.4,4.6,13.12
2.000000000000e-01,1.36,5.32,13.6
2.005000000000e-01,1.8,4.64,13.2
2.010000000000e-01,1.36,4.8,13.28
2.015000000000e-01,1.76,5.36,13.6
2.020000000000e-01,1.28,4.32,13.2
2.025000000000e-01,1.92,5.52,13.6
2.030000000000e-01,1.92,5.44,13.2
2.035000000000e-01,1.44,4.56,13.52
2.040000000000e-01,1.36,5.72,13.52
2.045000000000e-01,2.04,4.4,12.88
2.050000000000e-01,1.84,4.64,13.28
2.055000000000e-01,1.44,5.56,13.44
2.060000000000e-01,1.52,5.4,13.28
2.065000000000e-01,1.76,4.56,13.44
2.070000000000e-01,1.32,4.28,12.96
2.075000000000e-01,2,5.64,13.6
2.080000000000e-01,1.88,4.56,13.44
2.085000000000e-01,1.36,5.6,12.96
2.090000000000e-01,1.48,4.76,13.2
2.095000000000e-01,1.72,5.36,13.52
2.100000000000e-01,1.84,5.4,13.44
2.105000000000e-01,1.48,4.56,13.12
2.110000000000e-01,1.36,4.52,13.04
2.115000000000e-01,2,5.56,13.52
2.120000000000e-01,1.96,5.36,13.04
2.125000000000e-01,1.4,4.72,13.68
2.130000000000e-01,1.44,5.4,13.44
2.135000000000e-01,1.92,4.6,13.12
2.140000000000e-01,1.48,5.64,13.28
2.145000000000e-01,1.84,4.64,13.44
2.150000000000e-01,1.36,4.44,13.6
2.155000000000e-01,1.88,5.4,13.12
2.160000000000e-01,1.96,4.76,13.52
2.165000000000e-01,1.36,5.28,13.2
2.170000000000e-01,1.88,4.6,13.04
2.175000000000e-01,1.48,5.36,13.68
2.180000000000e-01,1.92,4.64,13.12
2.185000000000e-01,1.4,5.4,13.6
2.190000000000e-01,1.4,4.64,13.04
2.195000000000e-01,2.04,5.4,13.52
2.200000000000e-01,1.36,5.64,13.52
2.205000000000e-01,1.92,4.36,12.96
2.210000000000e-01,1.44,5.84,13.04
2.215000000000e-01,1.84,4.44,13.68
2.220000000000e-01,1.48,4.6,13.44
2.225000000000e-01,1.8,5.48,13.28
2.230000000000e-01,1.36,5.72,13.12
2.235000000000e-01,2,4.4,13.6
2.240000000000e-01,1.92,5.64,13.6
2.245000000000e-01,1.4,4.6,13.2
2.250000000000e-01,1.72,5.52,13.6
2.255000000000e-01,1.36,4.68,13.04
2.260000000000e-01,1.48,5.48,13.52
2.265000000000e-01,1.96,4.64,13.2
2.270000000000e-01,1.48,5.76,13.52
2.275000000000e-01,1.96,4.32,13.2
2.280000000000e-01,2.04,5.52,13.52
2.285000000000e-01,1.32,4.48,13.12
2.290000000000e-01,1.36,5.92,13.04
2.295000000000e-01,2.04,4.32,13.6
2.300000000000e-01,1.48,5.4,13.44
2.305000000000e-01,1.76,4.6,13.2
2.310000000000e-01,1.48,5.88,13.6
2.315000000000e-01,2.04,4.24,13.04
2.320000000000e-01,1.44,5.72,13.12
2.325000000000e-01,2,4.4,13.6
2.330000000000e-01,1.72,5.56,13.6
2.335000000000e-01,1.44,4.68,13.2
2.340000000000e-01,1.88,5.96,13.6
2.345000000000e-01,1.32,4.52,12.96
2.350000000000e-01,1.4,4.6,13.44
2.355000000000e-01,1.8,5.64,13.2
2.360000000000e-01,1.36,5.84,13.52
2.365000000000e-01,1.88,4.6,12.96
2.370000000000e-01,1.36,5.68,13.6
2.375000000000e-01,2.04,4.28,13.04
2.380000000000e-01,1.44,5.6,13.12
2.385000000000e-01,1.88,4.6,13.44
2.390000000000e-01,1.76,5.6,13.28
2.395000000000e-01,1.44,4.56,13.44
2.400000000000e-01,2.04,4.36,13.04
2.405000000000e-01,1.4,5.72,13.6
2.410000000000e-01,1.8,4.64,13.12
2.415000000000e-01,1.36,5.36,13.6
2.420000000000e-01,1.88,4.6,13.52
2.425000000000e-01,1.48,5.56,13.12
2.430000000000e-01,1.72,4.76,13.2
2.435000000000e-01,1.4,5.64,13.44
2.440000000000e-01,1.4,4.6,13.6
2.445000000000e-01,1.96,5.4,12.96
2.450000000000e-01,1.32,4.6,12.96
2.455000000000e-01,1.96,5.48,13.6
2.460000000000e-01,1.28,5.4,13.68
2.465000000000e-01,1.92,4.56,13.2
2.470000000000e-01,1.76,5.36,13.44
2.475000000000e-01,1.48,4.64,13.04
2.480000000000e-01,1.32,4.72,13.52
2.485000000000e-01,1.88,5.6,13.12
2.490000000000e-01,1.84,4.6,13.12
2.495000000000e-01,1.36,5.52,13.52
2.500000000000e-01,1.48,5.4,13.12
2.505000000000e-01,1.76,4.8,13.44
2.510000000000e-01,1.68,5.36,13.52
2.515000000000e-01,1.28,4.76,12.96
2.520000000000e-01,1.44,5.44,12.96
2.525000000000e-01,1.88,4.64,13.6
2.530000000000e-01,1.32,5.68,13.6
2.535000000000e-01,2,4.48,13.12
2.540000000000e-01,1.4,4.32,13.04
2.545000000000e-01,2,5.84,13.6
2.550000000000e-01,1.68,4.8,13.28
2.555000000000e-01,1.4,5.48,13.44
2.560000000000e-01,1.48,5.6,13.28
2.565000000000e-01,1.72,4.64,13.44
2.570000000000e-01,1.92,4.36,13.2
2.575000000000e-01,1.4,5.64,13.6
2.580000000000e-01,1.92,4.68,13.44
2.585000000000e-01,1.4,5.44,13.12
2.590000000000e-01,1.48,4.56,13.28
2.595000000000e-01,1.84,5.44,13.52
2.600000000000e-01,1.76,5.52,13.12
2.605000000000e-01,1.44,4.64,13.44
2.610000000000e-01,1.88,5.6,13.12
2.615000000000e-01,1.4,4.6,13.6
2.620000000000e-01,1.92,4.32,13.6
2.625000000000e-01,1.32,5.72,13.04
2.630000000000e-01,1.44,5.4,13.6
2.635000000000e-01,1.8,4.6,13.2
2.640000000000e-01,1.76,4.6,13.28
2.645000000000e-01,1.52,5.32,13.44
2.650000000000e-01,1.32,5.6,13.04
2.655000000000e-01,1.88,4.6,13.52
2.660000000000e-01,1.52,5.44,13.2
2.665000000000e-01,1.96,4.32,13.6
2.670000000000e-01,1.72,5.32,13.6
2.675000000000e-01,1.52,4.72,13.2
2.680000000000e-01,1.96,4.56,13.6
2.685000000000e-01,1.36,5.48,13.12
2.690000000000e-01,1.36,5.52,13.04
2.695000000000e-01,1.88,4.68,13.52
2.700000000000e-01,2,5.8,12.96
2.705000000000e-01,1.36,4.28,13.6
2.710000000000e-01,1.36,5.6,13.52
2.715000000000e-01,2.04,4.44,13.12
2.720000000000e-01,1.52,5.6,13.28
2.725000000000e-01,1.76,4.64,13.44
2.730000000000e-01,1.32,5.64,13.04
2.735000000000e-01,1.92,4.56,13.6
2.740000000000e-01,1.32,4.64,13.6
2.745000000000e-01,1.88,5.6,13.12
2.750000000000e-01,1.48,4.76,13.04
2.755000000000e-01,1.92,5.32,13.6
2.760000000000e-01,1.92,4.64,13.04
2.765000000000e-01,1.48,5.36,13.6
2.770000000000e-01,1.36,5.4,13.44
2.775000000000e-01,1.84,4.72,13.04
2.780000000000e-01,1.44,5.6,13.04
2.785000000000e-01,1.96,4.56,13.52
2.790000000000e-01,1.28,5.68,12.96
2.795000000000e-01,2.04,4.48,13.6
2.800000000000e-01,1.48,5.52,13.28
2.805000000000e-01,1.76,4.64,13.44
2.810000000000e-01,1.76,4.68,13.28
2.815000000000e-01,1.48,5.44,13.44
2.820000000000e-01,2.04,5.64,13.6
2.825000000000e-01,1.28,4.28,13.12
2.830000000000e-01,1.92,4.64,13.44
2.835000000000e-01,1.4,5.6,13.04
2.840000000000e-01,1.76,4.76,13.44
2.845000000000e-01,1.52,5.2,12.96
2.850000000000e-01,1.76,5.44,13.52
2.855000000000e-01,1.32,4.36,13.12
2.860000000000e-01,2.04,5.8,13.52
2.865000000000e-01,1.44,4.36,13.04
2.870000000000e-01,1.36,5.88,13.04
2.875000000000e-01,1.92,4.48,13.68
2.880000000000e-01,1.48,5.56,13.52
2.885000000000e-01,1.92,4.6,13.2
2.890000000000e-01,1.52,5.44,13.28
2.895000000000e-01,1.76,4.64,13.52
2.900000000000e-01,1.36,4.52,13.52
2.905000000000e-01,1.92,5.6,12.96
2.910000000000e-01,1.44,5.64,13.12
2.915000000000e-01,1.84,4.6,13.68
2.920000000000e-01,1.72,4.64,13.12
2.925000000000e-01,1.48,5.48,13.6
2.930000000000e-01,1.48,4.8,13.52
2.935000000000e-01,1.84,5.32,13.2
2.940000000000e-01,1.32,4.56,13.2
2.945000000000e-01,1.92,5.6,13.6
2.950000000000e-01,1.72,5.6,13.28
2.955000000000e-01,1.36,4.64,13.44
2.960000000000e-01,1.4,5.64,13.6
2.965000000000e-01,1.8,4.6,13.2
2.970000000000e-01,1.48,4.72,13.28
2.975000000000e-01,1.72,5.64,13.44
2.980000000000e-01,1.8,5.56,13.44
2.985000000000e-01,1.44,4.52,13.2
2.990000000000e-01,1.92,4.52,12.96
2.995000000000e-01,1.32,5.44,13.6
3.000000000000e-01,1.8,4.64,13.04
3.005000000000e-01,1.44,5.44,13.6
3.010000000000e-01,1.72,5.36,13.2
3.015000000000e-01,1.4,4.72,13.6
3.020000000000e-01,1.4,4.56,13.2
3.025000000000e-01,1.92,5.4,13.6
3.030000000000e-01,1.76,4.6,13.28
3.035000000000e-01,1.48,5.52,13.44
3.040000000000e-01,1.4,4.56,13.44
3.045000000000e-01,1.76,5.6,13.12
3.050000000000e-01,1.68,5.44,13.28
3.055000000000e-01,1.52,4.68,13.44
3.060000000000e-01,1.48,5.4,13.44
3.065000000000e-01,1.76,4.68,13.2
3.070000000000e-01,1.28,4.64,13.6
3.075000000000e-01,1.96,5.56,13.04
3.080000000000e-01,1.8,4.76,13.6
3.085000000000e-01,1.4,5.28,13.04
3.090000000000e-01,1.48,5.4,13.6
3.095000000000e-01,1.72,4.68,13.2
3.100000000000e-01,1.84,4.8,13.12
3.105000000000e-01,1.44,5.6,13.6
3.110000000000e-01,2,5.6,13.44
3.115000000000e-01,1.44,4.4,13.04
3.120000000000e-01,1.36,4.32,13.6
3.125000000000e-01,2,5.56,12.96
3.130000000000e-01,1.36,4.56,13.52
3.135000000000e-01,1.88,5.6,13.2
3.140000000000e-01,1.76,5.64,13.28
3.145000000000e-01,1.48,4.6,13.44
3.150000000000e-01,1.36,5.64,13.52
3.155000000000e-01,1.96,4.36,13.04
3.160000000000e-01,1.96,5.72,13.52
3.165000000000e-01,1.4,4.48,13.2
3.170000000000e-01,1.4,4.6,13.6
3.175000000000e-01,1.88,5.4,13.2
3.180000000000e-01,1.48,5.28,13.28
3.185000000000e-01,1.72,4.72,13.52
3.190000000000e-01,1.36,5.64,13.44
3.195000000000e-01,1.88,4.4,13.12
3.200000000000e-01,1.92,5.56,13.44
3.205000000000e-01,1.44,4.56,13.28
3.210000000000e-01,1.8,5.44,13.44
3.215000000000e-01,1.48,4.72,13.04
3.220000000000e-01,1.48,5.48,13.44
3.225000000000e-01,1.76,4.68,13.2
3.230000000000e-01,1.48,4.72,13.44
3.235000000000e-01,1.84,5.56,12.96
3.240000000000e-01,1.32,4.68,13.2
3.245000000000e-01,1.96,5.56,13.6
3.250000000000e-01,1.88,4.56,12.96
3.255000000000e-01,1.4,5.52,13.6
3.260000000000e-01,1.56,5.28,13.44
3.265000000000e-01,1.8,4.8,13.12
3.270000000000e-01,1.44,4.4,13.52
3.275000000000e-01,2,5.68,13.2
3.280000000000e-01,1.76,4.6,13.44
3.285000000000e-01,1.44,5.6,13.28
3.290000000000e-01,1.92,4.6,13.12
3.295000000000e-01,1.4,5.64,13.52
3.300000000000e-01,1.8,4.6,13.28
3.305000000000e-01,1.48,5.52,13.52
3.310000000000e-01,1.76,4.64,13.52
3.315000000000e-01,1.44,5.64,13.12
3.320000000000e-01,1.4,5.6,12.96
3.325000000000e-01,2.04,4.6,13.52
3.330000000000e-01,1.76,4.76,13.6
3.335000000000e-01,1.4,5.6,13.2
3.340000000000e-01,1.52,4.72,13.52
3.345000000000e-01,1.92,5.32,13.12
3.350000000000e-01,1.48,4.72,13.12
3.355000000000e-01,1.8,5.28,13.44
3.360000000000e-01,1.48,4.6,13.28
3.365000000000e-01,1.8,5.56,13.44
3.370000000000e-01,1.84,4.76,13.44
3.375000000000e-01,1.44,5.28,13.04
3.380000000000e-01,1.8,4.6,13.2
3.385000000000e-01,1.48,5.52,13.44
3.390000000000e-01,1.48,4.64,13.52
3.395000000000e-01,1.76,5.64,13.2
3.400000000000e-01,2.04,5.72,13.12
3.405000000000e-01,1.4,4.36,13.6
3.410000000000e-01,1.48,5.56,13.04
3.415000000000e-01,1.84,4.6,13.6
3.420000000000e-01,1.72,4.6,13.2
3.425000000000e-01,1.4,5.56,13.68
3.430000000000e-01,1.48,4.44,13.28
3.435000000000e-01,1.72,5.32,13.52
3.440000000000e-01,1.96,4.56,13.12
3.445000000000e-01,1.28,5.48,13.6
3.450000000000e-01,1.44,5.64,12.96
3.455000000000e-01,2,4.24,13.6
3.460000000000e-01,1.88,5.68,13.52
3.465000000000e-01,1.36,4.64,13.04
3.470000000000e-01,1.76,4.6,13.6
3.475000000000e-01,1.48,5.36,13.12
3.480000000000e-01,2.04,5.64,13.2
3.485000000000e-01,1.4,4.32,13.6
3.490000000000e-01,1.8,4.64,13.12
3.495000000000e-01,1.32,5.44,13.6
3.500000000000e-01,1.44,5.44,13.28
3.505000000000e-01,1.76,4.68,13.6
3.510000000000e-01,1.52,5.44,13.2
3.515000000000e-01,1.72,4.76,13.52
3.520000000000e-01,1.4,5.64,13.44
3.525000000000e-01,2,4.32,13.12
3.530000000000e-01,1.36,5.64,13.12
3.535000000000e-01,1.88,4.64,13.6
3.540000000000e-01,1.4,5.88,13.6
3.545000000000e-01,2.04,4.28,13.04
3.550000000000e-01,1.52,4.68,13.28
3.555000000000e-01,1.76,5.52,13.52
3.560000000000e-01,1.4,5.64,13.52
3.565000000000e-01,1.84,4.72,13.2
3.570000000000e-01,1.36,4.68,13.6
3.575000000000e-01,1.76,5.44,13.04
3.580000000000e-01,1.4,5.48,13.52
3.585000000000e-01,1.8,4.56,13.04
3.590000000000e-01,1.44,5.52,13.12
3.595000000000e-01,1.76,4.72,13.52
3.600000000000e-01,1.48,4.8,13.44
3.605000000000e-01,1.84,5.6,13.2
3.610000000000e-01,1.4,5.56,13.52
3.615000000000e-01,1.92,4.6,13.04
3.620000000000e-01,1.32,4.56,13.6
3.625000000000e-01,2,5.52,13.04
3.630000000000e-01,1.84,4.76,13.04
3.635000000000e-01,1.48,5.44,13.6
3.640000000000e-01,1.76,5.36,13.44
3.645000000000e-01,1.48,4.6,13.2
3.650000000000e-01,1.92,4.4,12.96
3.655000000000e-01,1.32,5.6,13.6
3.660000000000e-01,1.84,5.6,13.52
3.665000000000e-01,1.44,4.72,13.04
3.670000000000e-01,1.72,4.76,13.2
3.675000000000e-01,1.4,5.4,13.52
3.680000000000e-01,1.4,4.32,13.68
3.685000000000e-01,1.76,5.56,13.12
3.690000000000e-01,1.28,4.6,13.52
3.695000000000e-01,1.92,5.44,13.04
3.700000000000e-01,1.96,4.32,13.6
3.705000000000e-01,1.4,5.88,12.96
3.710000000000e-01,1.44,5.8,13.12
3.715000000000e-01,2,4.44,13.52
3.720000000000e-01,1.48,5.64,13.28
3.725000000000e-01,1.72,4.56,13.44
3.730000000000e-01,1.4,4.44,13.04
3.735000000000e-01,1.84,5.84,13.6
3.740000000000e-01,1.88,4.6,13.52
3.745000000000e-01,1.4,5.72,13.12
3.750000000000e-01,1.84,5.52,13.12
3.755000000000e-01,1.52,4.52,13.6
3.760000000000e-01,1.68,4.72,13.44
3.765000000000e-01,1.48,5.48,13.12
3.770000000000e-01,1.88,4.6,13.2
3.775000000000e-01,1.4,5.44,13.52
3.780000000000e-01,1.84,5.4,13.04
3.785000000000e-01,1.36,4.32,13.6
3.790000000000e-01,1.28,5.76,13.04
3.795000000000e-01,2.04,4.48,13.68
3.800000000000e-01,1.88,4.6,13.28
3.805000000000e-01,1.4,5.4,13.44
3.810000000000e-01,1.48,4.64,13.28
3.815000000000e-01,1.76,5.36,13.44
3.820000000000e-01,1.36,4.28,13.12
3.825000000000e-01,2.04,5.8,13.6
3.830000000000e-01,1.84,5.36,13.6
3.835000000000e-01,1.36,4.4,13.2
3.840000000000e-01,1.72,4.76,13.28
3.845000000000e-01,1.48,5.4,13.52
3.850000000000e-01,1.88,5.48,13.6
3.855000000000e-01,1.36,4.48,13.04
3.860000000000e-01,2,4.4,13.12
3.865000000000e-01,1.44,5.64,13.6
3.870000000000e-01,2.04,5.88,13.6
3.875000000000e-01,1.36,4.28,12.96
3.880000000000e-01,1.84,5.56,13.04
3.885000000000e-01,1.4,4.64,13.52
3.890000000000e-01,1.44,5.6,13.44
3.895000000000e-01,1.76,4.68,13.28
3.900000000000e-01,1.32,4.68,12.96
3.905000000000e-01,1.96,5.92,13.6
3.910000000000e-01,1.84,4.6,13.2
3.915000000000e-01,1.44,5.6,13.52
3.920000000000e-01,1.76,5.36,13.52
3.925000000000e-01,1.44,4.64,13.2
3.930000000000e-01,1.52,4.72,13.2
3.935000000000e-01,1.88,5.36,13.52
3.940000000000e-01,1.88,4.56,13.2
3.945000000000e-01,1.28,5.48,13.6
3.950000000000e-01,1.4,5.36,13.6
3.955000000000e-01,2,4.56,12.96
3.960000000000e-01,1.96,5.6,13.04
3.965000000000e-01,1.36,4.64,13.52
3.970000000000e-01,1.8,4.6,13.28
3.975000000000e-01,1.44,5.64,13.52
3.980000000000e-01,2,5.64,13.6
3.985000000000e-01,1.36,4.64,12.96
3.990000000000e-01,1.84,5.64,13.12
3.995000000000e-01,1.28,4.72,13.6
4.000000000000e-01,1.48,4.56,13.44
4.005000000000e-01,1.84,5.8,13.2
4.010000000000e-01,1.4,5.52,13.12
4.015000000000e-01,1.8,4.44,13.6
4.020000000000e-01,1.36,5.6,13.52
4.025000000000e-01,2,4.4,13.04
4.030000000000e-01,1.96,5.6,12.96
4.035000000000e-01,1.28,4.6,13.6
4.040000000000e-01,1.92,5.84,13.04
4.045000000000e-01,1.36,4.4,13.6
4.050000000000e-01,1.72,4.6,13.28
4.055000000000e-01,1.48,5.48,13.44
4.060000000000e-01,1.76,5.48,13.44
4.065000000000e-01,1.48,4.72,13.2
4.070000000000e-01,1.28,4.44,13.6
4.075000000000e-01,1.88,5.56,13.12
4.080000000000e-01,1.48,5.56,13.12
4.085000000000e-01,1.92,4.64,13.6
4.090000000000e-01,1.56,5.32,13.28
4.095000000000e-01,1.72,4.32,13.6
4.100000000000e-01,1.84,5.56,13.52
4.105000000000e-01,1.48,4.36,13.2
4.110000000000e-01,1.84,5.68,13.6
4.115000000000e-01,1.36,4.6,12.96
4.120000000000e-01,1.92,5.88,13.04
4.125000000000e-01,1.32,4.32,13.6
4.130000000000e-01,1.88,4.64,13.12
4.135000000000e-01,1.4,5.56,13.52
4.140000000000e-01,1.48,5.44,13.28
4.145000000000e-01,1.76,4.68,13.44
4.150000000000e-01,1.36,5.6,12.96
4.155000000000e-01,1.84,4.6,13.6
4.160000000000e-01,1.4,5.6,13.52
4.165000000000e-01,1.88,4.6,13.12
4.170000000000e-01,1.84,4.72,13.2
4.175000000000e-01,1.48,5.4,13.52
4.180000000000e-01,1.76,4.52,13.2
4.185000000000e-01,1.36,5.52,13.6
4.190000000000e-01,1.44,5.68,13.68
4.195000000000e-01,1.96,4.56,13.2
4.200000000000e-01,1.32,5.84,13.12
4.205000000000e-01,2,4.44,13.6
4.210000000000e-01,1.36,5.44,13.6
4.215000000000e-01,1.84,4.52,13.12
4.220000000000e-01,1.52,5.6,13.44
4.225000000000e-01,1.84,4.56,13.28
4.230000000000e-01,1.44,5.6,13.52
4.235000000000e-01,2.04,4.44,12.96
4.240000000000e-01,1.4,4.8,13.12
4.245000000000e-01,1.88,5.6,13.52
4.250000000000e-01,1.76,5.32,13.44
4.255000000000e-01,1.4,4.72,13.04
4.260000000000e-01,1.8,5.48,13.12
4.265000000000e-01,1.44,4.68,13.52
4.270000000000e-01,1.4,4.56,13.04
4.275000000000e-01,1.96,5.6,13.52
4.280000000000e-01,1.88,5.6,13.12
4.285000000000e-01,1.4,4.64,13.6
4.290000000000e-01,1.24,5.44,13.12
4.295000000000e-01,1.88,4.44,13.6
4.300000000000e-01,1.56,5.4,13.28
4.305000000000e-01,1.76,4.64,13.44
4.310000000000e-01,1.76,4.6,13.28
4.315000000000e-01,1.48,5.64,13.44
4.320000000000e-01,1.88,5.88,13.04
4.325000000000e-01,1.32,4.52,13.6
4.330000000000e-01,1.36,4.52,12.96
4.335000000000e-01,1.92,5.76,13.52
4.340000000000e-01,1.4,5.4,13.52
4.345000000000e-01,1.8,4.28,13.04
4.350000000000e-01,1.84,4.76,13.44
4.355000000000e-01,1.32,5.72,13.04
4.360000000000e-01,1.44,5.64,13.44
4.365000000000e-01,1.88,4.64,13.2
4.370000000000e-01,1.44,4.56,12.96
4.375000000000e-01,2,5.72,13.6
4.380000000000e-01,1.48,5.44,13.12
4.385000000000e-01,1.88,4.6,13.6
4.390000000000e-01,1.72,5.4,13.28
4.395000000000e-01,1.52,4.64,13.44
4.400000000000e-01,2.04,5.6,13.6
4.405000000000e-01,1.28,4.36,13.04
4.410000000000e-01,1.48,5.48,13.44
4.415000000000e-01,1.76,4.64,13.04
4.420000000000e-01,1.4,4.52,13.44
4.425000000000e-01,1.88,5.32,13.2
4.430000000000e-01,1.4,5.32,12.96
4.435000000000e-01,1.76,4.64,13.6
4.440000000000e-01,1.8,4.48,13.12
4.445000000000e-01,1.32,5.44,13.6
4.450000000000e-01,1.84,5.56,13.12
4.455000000000e-01,1.28,4.44,13.6
4.460000000000e-01,1.44,5.68,13.6
4.465000000000e-01,2.04,4.36,13.04
4.470000000000e-01,1.56,4.64,13.28
4.475000000000e-01,1.76,5.56,13.44
4.480000000000e-01,1.84,4.56,13.6
4.485000000000e-01,1.4,5.84,13.04
4.490000000000e-01,1.44,4.64,13.2
4.495000000000e-01,1.88,5.44,13.52
4.500000000000e-01,1.48,4.72,13.52
4.505000000000e-01,1.8,5.32,13.12
4.510000000000e-01,1.52,4.8,13.52
4.515000000000e-01,1.92,5.56,12.96
4.520000000000e-01,1.76,4.68,13.44
4.525000000000e-01,1.36,5.76,13.12
4.530000000000e-01,1.76,5.4,13.6
4.535000000000e-01,1.36,4.6,13.12
4.540000000000e-01,1.4,4.64,13.52
4.545000000000e-01,2,5.56,13.04
4.550000000000e-01,1.48,5.48,13.28
4.555000000000e-01,1.76,4.76,13.44
4.560000000000e-01,1.96,4.64,13.44
4.565000000000e-01,1.36,5.36,13.12
4.570000000000e-01,1.4,5.4,13.2
4.575000000000e-01,2.04,4.6,13.52
4.580000000000e-01,1.28,5.4,13.6
4.585000000000e-01,1.92,4.56,13.04
4.590000000000e-01,1.88,4.8,12.96
4.595000000000e-01,1.48,5.52,13.6
4.600000000000e-01,1.72,5.32,13.44
4.605000000000e-01,1.44,4.72,13.28
4.610000000000e-01,1.84,5.48,13.6
4.615000000000e-01,1.28,4.44,13.04
4.620000000000e-01,1.92,5.88,12.96
4.625000000000e-01,1.28,4.48,13.6
4.630000000000e-01,1.84,5.52,13.04
4.635000000000e-01,1.32,4.6,13.52
4.640000000000e-01,1.48,4.6,13.44
4.645000000000e-01,1.8,5.48,13.2
4.650000000000e-01,1.32,4.52,13.04
4.655000000000e-01,2,5.72,13.6
4.660000000000e-01,1.88,5.4,13.04
4.665000000000e-01,1.44,4.52,13.6
4.670000000000e-01,1.96,4.52,13.44
4.675000000000e-01,1.48,5.4,13.2
4.680000000000e-01,1.48,5.52,13.2
4.685000000000e-01,1.76,4.6,13.44
4.690000000000e-01,1.92,5.6,13.04
4.695000000000e-01,1.32,4.32,13.6
4.700000000000e-01,1.84,4.56,13.12
4.705000000000e-01,1.28,5.76,13.6
4.710000000000e-01,1.4,5.68,13.6
4.715000000000e-01,1.92,4.6,13.2
4.720000000000e-01,1.8,5.56,13.28
4.725000000000e-01,1.48,4.56,13.44
4.730000000000e-01,1.32,5.76,13.2
4.735000000000e-01,2.04,4.28,13.52
4.740000000000e-01,1.92,5.44,13.52
4.745000000000e-01,1.32,4.56,12.96
4.750000000000e-01,1.88,5.36,13.52
4.755000000000e-01,1.48,4.6,13.2
4.760000000000e-01,1.76,4.68,13.2
4.765000000000e-01,1.36,5.4,13.6
4.770000000000e-01,1.44,4.56,13.44
4.775000000000e-01,1.92,5.84,12.96
4.780000000000e-01,1.4,4.72,13.04
4.785000000000e-01,1.84,5.76,13.6
4.790000000000e-01,1.96,5.76,13.04
4.795000000000e-01,1.32,4.36,13.6
4.800000000000e-01,1.76,4.68,13.2
4.805000000000e-01,1.48,5.32,13.44
4.810000000000e-01,1.44,4.6,13.28
4.815000000000e-01,1.92,5.64,13.52
4.820000000000e-01,1.4,5.48,13.6
4.825000000000e-01,2,4.68,12.88
4.830000000000e-01,2,4.64,13.44
4.835000000000e-01,1.44,5.36,13.12
4.840000000000e-01,1.8,4.76,13.44
4.845000000000e-01,1.4,5.52,13.12
4.850000000000e-01,1.44,4.68,13.2
4.855000000000e-01,1.8,5.4,13.44
4.860000000000e-01,1.28,5.48,13.68
4.865000000000e-01,2.04,4.6,13.12
4.870000000000e-01,1.32,4.64,13.52
4.875000000000e-01,2.04,5.6,13.04
4.880000000000e-01,1.4,5.52,13.44
4.885000000000e-01,1.76,4.6,13.12
4.890000000000e-01,1.8,5.36,13.44
4.895000000000e-01,1.48,4.6,13.28
4.900000000000e-01,1.4,5.64,13.12
4.905000000000e-01,1.92,4.32,13.6
4.910000000000e-01,1.48,5.52,13.28
4.915000000000e-01,1.76,4.44,13.52
4.920000000000e-01,1.48,5.52,13.6
4.925000000000e-01,1.8,4.6,13.04
4.930000000000e-01,1.44,5.52,13.44
4.935000000000e-01,1.76,4.68,13.04
4.940000000000e-01,1.44,4.6,12.96
4.945000000000e-01,1.88,5.72,13.52
4.950000000000e-01,1.32,5.84,13.04
4.955000000000e-01,1.96,4.52,13.6
4.960000000000e-01,2,5.64,13.2
4.965000000000e-01,1.28,4.56,13.68
4.970000000000e-01,1.48,5.52,13.44
4.975000000000e-01,1.76,4.68,13.28
4.980000000000e-01,1.76,5.48,13.6
4.985000000000e-01,1.36,4.56,13.2
4.990000000000e-01,1.28,4.68,13.04
4.995000000000e-01,1.92,5.56,13.52
